[2026-01-19 23:21:49] local.ERROR: Method Illuminate\Database\Schema\Blueprint::int does not exist. {"exception":"[object] (BadMethodCallException(code: 0): Method Illuminate\\Database\\Schema\\Blueprint::int does not exist. at C:\\laragon\\www\\shortzz_backend\\vendor\\laravel\\framework\\src\\Illuminate\\Macroable\\Traits\\Macroable.php:112)
[stacktrace]
#0 C:\\laragon\\www\\shortzz_backend\\database\\migrations\\2024_10_04_132952_create_user_supports_table.php(18): Illuminate\\Database\\Schema\\Blueprint->__call('int', Array)
#1 C:\\laragon\\www\\shortzz_backend\\vendor\\laravel\\framework\\src\\Illuminate\\Database\\Schema\\Builder.php(459): Illuminate\\Database\\Migrations\\Migration@anonymous->{closure}(Object(Illuminate\\Database\\Schema\\Blueprint))
#2 C:\\laragon\\www\\shortzz_backend\\vendor\\laravel\\framework\\src\\Illuminate\\Support\\helpers.php(307): Illuminate\\Database\\Schema\\Builder->Illuminate\\Database\\Schema\\{closure}(Object(Illuminate\\Database\\Schema\\Blueprint))
#3 C:\\laragon\\www\\shortzz_backend\\vendor\\laravel\\framework\\src\\Illuminate\\Database\\Schema\\Builder.php(456): tap(Object(Illuminate\\Database\\Schema\\Blueprint), Object(Closure))
#4 C:\\laragon\\www\\shortzz_backend\\vendor\\laravel\\framework\\src\\Illuminate\\Support\\Facades\\Facade.php(355): Illuminate\\Database\\Schema\\Builder->create('user_supports', Object(Closure))
#5 C:\\laragon\\www\\shortzz_backend\\database\\migrations\\2024_10_04_132952_create_user_supports_table.php(16): Illuminate\\Support\\Facades\\Facade::__callStatic('create', Array)
#6 C:\\laragon\\www\\shortzz_backend\\vendor\\laravel\\framework\\src\\Illuminate\\Database\\Migrations\\Migrator.php(493): Illuminate\\Database\\Migrations\\Migration@anonymous->up()
#7 C:\\laragon\\www\\shortzz_backend\\vendor\\laravel\\framework\\src\\Illuminate\\Database\\Migrations\\Migrator.php(410): Illuminate\\Database\\Migrations\\Migrator->runMethod(Object(Illuminate\\Database\\MySqlConnection), Object(Illuminate\\Database\\Migrations\\Migration@anonymous), 'up')
#8 C:\\laragon\\www\\shortzz_backend\\vendor\\laravel\\framework\\src\\Illuminate\\Database\\Migrations\\Migrator.php(419): Illuminate\\Database\\Migrations\\Migrator->Illuminate\\Database\\Migrations\\{closure}()
#9 C:\\laragon\\www\\shortzz_backend\\vendor\\laravel\\framework\\src\\Illuminate\\Database\\Migrations\\Migrator.php(216): Illuminate\\Database\\Migrations\\Migrator->runMigration(Object(Illuminate\\Database\\Migrations\\Migration@anonymous), 'up')
#10 C:\\laragon\\www\\shortzz_backend\\vendor\\laravel\\framework\\src\\Illuminate\\Console\\View\\Components\\Task.php(37): Illuminate\\Database\\Migrations\\Migrator->Illuminate\\Database\\Migrations\\{closure}()
#11 C:\\laragon\\www\\shortzz_backend\\vendor\\laravel\\framework\\src\\Illuminate\\Database\\Migrations\\Migrator.php(756): Illuminate\\Console\\View\\Components\\Task->render('2024_10_04_1329...', Object(Closure))
#12 C:\\laragon\\www\\shortzz_backend\\vendor\\laravel\\framework\\src\\Illuminate\\Database\\Migrations\\Migrator.php(216): Illuminate\\Database\\Migrations\\Migrator->write('Illuminate\\\\Cons...', '2024_10_04_1329...', Object(Closure))
#13 C:\\laragon\\www\\shortzz_backend\\vendor\\laravel\\framework\\src\\Illuminate\\Database\\Migrations\\Migrator.php(181): Illuminate\\Database\\Migrations\\Migrator->runUp('C:\\\\laragon\\\\www\\\\...', 1, false)
#14 C:\\laragon\\www\\shortzz_backend\\vendor\\laravel\\framework\\src\\Illuminate\\Database\\Migrations\\Migrator.php(124): Illuminate\\Database\\Migrations\\Migrator->runPending(Array, Array)
#15 C:\\laragon\\www\\shortzz_backend\\vendor\\laravel\\framework\\src\\Illuminate\\Database\\Console\\Migrations\\MigrateCommand.php(90): Illuminate\\Database\\Migrations\\Migrator->run(Array, Array)
#16 C:\\laragon\\www\\shortzz_backend\\vendor\\laravel\\framework\\src\\Illuminate\\Database\\Migrations\\Migrator.php(633): Illuminate\\Database\\Console\\Migrations\\MigrateCommand->Illuminate\\Database\\Console\\Migrations\\{closure}()
#17 C:\\laragon\\www\\shortzz_backend\\vendor\\laravel\\framework\\src\\Illuminate\\Database\\Console\\Migrations\\MigrateCommand.php(83): Illuminate\\Database\\Migrations\\Migrator->usingConnection(NULL, Object(Closure))
#18 C:\\laragon\\www\\shortzz_backend\\vendor\\laravel\\framework\\src\\Illuminate\\Container\\BoundMethod.php(36): Illuminate\\Database\\Console\\Migrations\\MigrateCommand->handle()
#19 C:\\laragon\\www\\shortzz_backend\\vendor\\laravel\\framework\\src\\Illuminate\\Container\\Util.php(41): Illuminate\\Container\\BoundMethod::Illuminate\\Container\\{closure}()
#20 C:\\laragon\\www\\shortzz_backend\\vendor\\laravel\\framework\\src\\Illuminate\\Container\\BoundMethod.php(93): Illuminate\\Container\\Util::unwrapIfClosure(Object(Closure))
#21 C:\\laragon\\www\\shortzz_backend\\vendor\\laravel\\framework\\src\\Illuminate\\Container\\BoundMethod.php(35): Illuminate\\Container\\BoundMethod::callBoundMethod(Object(Illuminate\\Foundation\\Application), Array, Object(Closure))
#22 C:\\laragon\\www\\shortzz_backend\\vendor\\laravel\\framework\\src\\Illuminate\\Container\\Container.php(662): Illuminate\\Container\\BoundMethod::call(Object(Illuminate\\Foundation\\Application), Array, Array, NULL)
#23 C:\\laragon\\www\\shortzz_backend\\vendor\\laravel\\framework\\src\\Illuminate\\Console\\Command.php(211): Illuminate\\Container\\Container->call(Array)
#24 C:\\laragon\\www\\shortzz_backend\\vendor\\symfony\\console\\Command\\Command.php(326): Illuminate\\Console\\Command->execute(Object(Symfony\\Component\\Console\\Input\\ArgvInput), Object(Illuminate\\Console\\OutputStyle))
#25 C:\\laragon\\www\\shortzz_backend\\vendor\\laravel\\framework\\src\\Illuminate\\Console\\Command.php(180): Symfony\\Component\\Console\\Command\\Command->run(Object(Symfony\\Component\\Console\\Input\\ArgvInput), Object(Illuminate\\Console\\OutputStyle))
#26 C:\\laragon\\www\\shortzz_backend\\vendor\\symfony\\console\\Application.php(1096): Illuminate\\Console\\Command->run(Object(Symfony\\Component\\Console\\Input\\ArgvInput), Object(Symfony\\Component\\Console\\Output\\ConsoleOutput))
#27 C:\\laragon\\www\\shortzz_backend\\vendor\\symfony\\console\\Application.php(324): Symfony\\Component\\Console\\Application->doRunCommand(Object(Illuminate\\Database\\Console\\Migrations\\MigrateCommand), Object(Symfony\\Component\\Console\\Input\\ArgvInput), Object(Symfony\\Component\\Console\\Output\\ConsoleOutput))
#28 C:\\laragon\\www\\shortzz_backend\\vendor\\symfony\\console\\Application.php(175): Symfony\\Component\\Console\\Application->doRun(Object(Symfony\\Component\\Console\\Input\\ArgvInput), Object(Symfony\\Component\\Console\\Output\\ConsoleOutput))
#29 C:\\laragon\\www\\shortzz_backend\\vendor\\laravel\\framework\\src\\Illuminate\\Foundation\\Console\\Kernel.php(201): Symfony\\Component\\Console\\Application->run(Object(Symfony\\Component\\Console\\Input\\ArgvInput), Object(Symfony\\Component\\Console\\Output\\ConsoleOutput))
#30 C:\\laragon\\www\\shortzz_backend\\artisan(35): Illuminate\\Foundation\\Console\\Kernel->handle(Object(Symfony\\Component\\Console\\Input\\ArgvInput), Object(Symfony\\Component\\Console\\Output\\ConsoleOutput))
#31 {main}
"} 
[2026-01-19 23:21:49] local.ERROR: SQLSTATE[HY000] [2002] A connection attempt failed because the connected party did not properly respond after a period of time, or established connection failed because connected host has failed to respond (Connection: mysql, SQL: select table_name as `name`, (data_length + index_length) as `size`, table_comment as `comment`, engine as `engine`, table_collation as `collation` from information_schema.tables where table_schema = '' and table_type in ('BASE TABLE', 'SYSTEM VERSIONED') order by table_name) {"exception":"[object] (Illuminate\\Database\\QueryException(code: 2002): SQLSTATE[HY000] [2002] A connection attempt failed because the connected party did not properly respond after a period of time, or established connection failed because connected host has failed to respond (Connection: mysql, SQL: select table_name as `name`, (data_length + index_length) as `size`, table_comment as `comment`, engine as `engine`, table_collation as `collation` from information_schema.tables where table_schema = '' and table_type in ('BASE TABLE', 'SYSTEM VERSIONED') order by table_name) at C:\\laragon\\www\\shortzz_backend\\vendor\\laravel\\framework\\src\\Illuminate\\Database\\Connection.php:829)
[stacktrace]
#0 C:\\laragon\\www\\shortzz_backend\\vendor\\laravel\\framework\\src\\Illuminate\\Database\\Connection.php(983): Illuminate\\Database\\Connection->runQueryCallback('select table_na...', Array, Object(Closure))
#1 C:\\laragon\\www\\shortzz_backend\\vendor\\laravel\\framework\\src\\Illuminate\\Database\\Connection.php(962): Illuminate\\Database\\Connection->tryAgainIfCausedByLostConnection(Object(Illuminate\\Database\\QueryException), 'select table_na...', Array, Object(Closure))
#2 C:\\laragon\\www\\shortzz_backend\\vendor\\laravel\\framework\\src\\Illuminate\\Database\\Connection.php(785): Illuminate\\Database\\Connection->handleQueryException(Object(Illuminate\\Database\\QueryException), 'select table_na...', Array, Object(Closure))
#3 C:\\laragon\\www\\shortzz_backend\\vendor\\laravel\\framework\\src\\Illuminate\\Database\\Connection.php(414): Illuminate\\Database\\Connection->run('select table_na...', Array, Object(Closure))
#4 C:\\laragon\\www\\shortzz_backend\\vendor\\laravel\\framework\\src\\Illuminate\\Database\\Connection.php(401): Illuminate\\Database\\Connection->select('select table_na...', Array, false)
#5 C:\\laragon\\www\\shortzz_backend\\vendor\\laravel\\framework\\src\\Illuminate\\Database\\Schema\\MySqlBuilder.php(41): Illuminate\\Database\\Connection->selectFromWriteConnection('select table_na...')
#6 C:\\laragon\\www\\shortzz_backend\\vendor\\laravel\\framework\\src\\Illuminate\\Database\\Schema\\Builder.php(165): Illuminate\\Database\\Schema\\MySqlBuilder->getTables(false)
#7 C:\\laragon\\www\\shortzz_backend\\vendor\\laravel\\framework\\src\\Illuminate\\Database\\Migrations\\DatabaseMigrationRepository.php(184): Illuminate\\Database\\Schema\\Builder->hasTable('migrations')
#8 C:\\laragon\\www\\shortzz_backend\\vendor\\laravel\\framework\\src\\Illuminate\\Database\\Migrations\\Migrator.php(700): Illuminate\\Database\\Migrations\\DatabaseMigrationRepository->repositoryExists()
#9 C:\\laragon\\www\\shortzz_backend\\vendor\\laravel\\framework\\src\\Illuminate\\Database\\Console\\Migrations\\MigrateCommand.php(140): Illuminate\\Database\\Migrations\\Migrator->repositoryExists()
#10 C:\\laragon\\www\\shortzz_backend\\vendor\\laravel\\framework\\src\\Illuminate\\Support\\helpers.php(248): Illuminate\\Database\\Console\\Migrations\\MigrateCommand->Illuminate\\Database\\Console\\Migrations\\{closure}(1)
#11 C:\\laragon\\www\\shortzz_backend\\vendor\\laravel\\framework\\src\\Illuminate\\Database\\Console\\Migrations\\MigrateCommand.php(140): retry(1, Object(Closure), 0, Object(Closure))
#12 C:\\laragon\\www\\shortzz_backend\\vendor\\laravel\\framework\\src\\Illuminate\\Database\\Console\\Migrations\\MigrateCommand.php(116): Illuminate\\Database\\Console\\Migrations\\MigrateCommand->repositoryExists()
#13 C:\\laragon\\www\\shortzz_backend\\vendor\\laravel\\framework\\src\\Illuminate\\Database\\Console\\Migrations\\MigrateCommand.php(84): Illuminate\\Database\\Console\\Migrations\\MigrateCommand->prepareDatabase()
#14 C:\\laragon\\www\\shortzz_backend\\vendor\\laravel\\framework\\src\\Illuminate\\Database\\Migrations\\Migrator.php(633): Illuminate\\Database\\Console\\Migrations\\MigrateCommand->Illuminate\\Database\\Console\\Migrations\\{closure}()
#15 C:\\laragon\\www\\shortzz_backend\\vendor\\laravel\\framework\\src\\Illuminate\\Database\\Console\\Migrations\\MigrateCommand.php(83): Illuminate\\Database\\Migrations\\Migrator->usingConnection(NULL, Object(Closure))
#16 C:\\laragon\\www\\shortzz_backend\\vendor\\laravel\\framework\\src\\Illuminate\\Container\\BoundMethod.php(36): Illuminate\\Database\\Console\\Migrations\\MigrateCommand->handle()
#17 C:\\laragon\\www\\shortzz_backend\\vendor\\laravel\\framework\\src\\Illuminate\\Container\\Util.php(41): Illuminate\\Container\\BoundMethod::Illuminate\\Container\\{closure}()
#18 C:\\laragon\\www\\shortzz_backend\\vendor\\laravel\\framework\\src\\Illuminate\\Container\\BoundMethod.php(93): Illuminate\\Container\\Util::unwrapIfClosure(Object(Closure))
#19 C:\\laragon\\www\\shortzz_backend\\vendor\\laravel\\framework\\src\\Illuminate\\Container\\BoundMethod.php(35): Illuminate\\Container\\BoundMethod::callBoundMethod(Object(Illuminate\\Foundation\\Application), Array, Object(Closure))
#20 C:\\laragon\\www\\shortzz_backend\\vendor\\laravel\\framework\\src\\Illuminate\\Container\\Container.php(662): Illuminate\\Container\\BoundMethod::call(Object(Illuminate\\Foundation\\Application), Array, Array, NULL)
#21 C:\\laragon\\www\\shortzz_backend\\vendor\\laravel\\framework\\src\\Illuminate\\Console\\Command.php(211): Illuminate\\Container\\Container->call(Array)
#22 C:\\laragon\\www\\shortzz_backend\\vendor\\symfony\\console\\Command\\Command.php(326): Illuminate\\Console\\Command->execute(Object(Symfony\\Component\\Console\\Input\\ArgvInput), Object(Illuminate\\Console\\OutputStyle))
#23 C:\\laragon\\www\\shortzz_backend\\vendor\\laravel\\framework\\src\\Illuminate\\Console\\Command.php(180): Symfony\\Component\\Console\\Command\\Command->run(Object(Symfony\\Component\\Console\\Input\\ArgvInput), Object(Illuminate\\Console\\OutputStyle))
#24 C:\\laragon\\www\\shortzz_backend\\vendor\\symfony\\console\\Application.php(1096): Illuminate\\Console\\Command->run(Object(Symfony\\Component\\Console\\Input\\ArgvInput), Object(Symfony\\Component\\Console\\Output\\ConsoleOutput))
#25 C:\\laragon\\www\\shortzz_backend\\vendor\\symfony\\console\\Application.php(324): Symfony\\Component\\Console\\Application->doRunCommand(Object(Illuminate\\Database\\Console\\Migrations\\MigrateCommand), Object(Symfony\\Component\\Console\\Input\\ArgvInput), Object(Symfony\\Component\\Console\\Output\\ConsoleOutput))
#26 C:\\laragon\\www\\shortzz_backend\\vendor\\symfony\\console\\Application.php(175): Symfony\\Component\\Console\\Application->doRun(Object(Symfony\\Component\\Console\\Input\\ArgvInput), Object(Symfony\\Component\\Console\\Output\\ConsoleOutput))
#27 C:\\laragon\\www\\shortzz_backend\\vendor\\laravel\\framework\\src\\Illuminate\\Foundation\\Console\\Kernel.php(201): Symfony\\Component\\Console\\Application->run(Object(Symfony\\Component\\Console\\Input\\ArgvInput), Object(Symfony\\Component\\Console\\Output\\ConsoleOutput))
#28 C:\\laragon\\www\\shortzz_backend\\artisan(35): Illuminate\\Foundation\\Console\\Kernel->handle(Object(Symfony\\Component\\Console\\Input\\ArgvInput), Object(Symfony\\Component\\Console\\Output\\ConsoleOutput))
#29 {main}

[previous exception] [object] (PDOException(code: 2002): SQLSTATE[HY000] [2002] A connection attempt failed because the connected party did not properly respond after a period of time, or established connection failed because connected host has failed to respond at C:\\laragon\\www\\shortzz_backend\\vendor\\laravel\\framework\\src\\Illuminate\\Database\\Connectors\\Connector.php:65)
[stacktrace]
#0 C:\\laragon\\www\\shortzz_backend\\vendor\\laravel\\framework\\src\\Illuminate\\Database\\Connectors\\Connector.php(65): PDO->__construct('mysql:host=192....', '', Object(SensitiveParameterValue), Array)
#1 C:\\laragon\\www\\shortzz_backend\\vendor\\laravel\\framework\\src\\Illuminate\\Database\\Connectors\\Connector.php(83): Illuminate\\Database\\Connectors\\Connector->createPdoConnection('mysql:host=192....', '', '', Array)
#2 C:\\laragon\\www\\shortzz_backend\\vendor\\laravel\\framework\\src\\Illuminate\\Database\\Connectors\\Connector.php(48): Illuminate\\Database\\Connectors\\Connector->tryAgainIfCausedByLostConnection(Object(PDOException), 'mysql:host=192....', '', '', Array)
#3 C:\\laragon\\www\\shortzz_backend\\vendor\\laravel\\framework\\src\\Illuminate\\Database\\Connectors\\MySqlConnector.php(24): Illuminate\\Database\\Connectors\\Connector->createConnection('mysql:host=192....', Array, Array)
#4 C:\\laragon\\www\\shortzz_backend\\vendor\\laravel\\framework\\src\\Illuminate\\Database\\Connectors\\ConnectionFactory.php(184): Illuminate\\Database\\Connectors\\MySqlConnector->connect(Array)
#5 [internal function]: Illuminate\\Database\\Connectors\\ConnectionFactory->Illuminate\\Database\\Connectors\\{closure}()
#6 C:\\laragon\\www\\shortzz_backend\\vendor\\laravel\\framework\\src\\Illuminate\\Database\\Connection.php(1339): call_user_func(Object(Closure))
#7 C:\\laragon\\www\\shortzz_backend\\vendor\\laravel\\framework\\src\\Illuminate\\Database\\Connection.php(528): Illuminate\\Database\\Connection->getPdo()
#8 C:\\laragon\\www\\shortzz_backend\\vendor\\laravel\\framework\\src\\Illuminate\\Database\\Connection.php(423): Illuminate\\Database\\Connection->getPdoForSelect(false)
#9 C:\\laragon\\www\\shortzz_backend\\vendor\\laravel\\framework\\src\\Illuminate\\Database\\Connection.php(816): Illuminate\\Database\\Connection->Illuminate\\Database\\{closure}('select table_na...', Array)
#10 C:\\laragon\\www\\shortzz_backend\\vendor\\laravel\\framework\\src\\Illuminate\\Database\\Connection.php(983): Illuminate\\Database\\Connection->runQueryCallback('select table_na...', Array, Object(Closure))
#11 C:\\laragon\\www\\shortzz_backend\\vendor\\laravel\\framework\\src\\Illuminate\\Database\\Connection.php(962): Illuminate\\Database\\Connection->tryAgainIfCausedByLostConnection(Object(Illuminate\\Database\\QueryException), 'select table_na...', Array, Object(Closure))
#12 C:\\laragon\\www\\shortzz_backend\\vendor\\laravel\\framework\\src\\Illuminate\\Database\\Connection.php(785): Illuminate\\Database\\Connection->handleQueryException(Object(Illuminate\\Database\\QueryException), 'select table_na...', Array, Object(Closure))
#13 C:\\laragon\\www\\shortzz_backend\\vendor\\laravel\\framework\\src\\Illuminate\\Database\\Connection.php(414): Illuminate\\Database\\Connection->run('select table_na...', Array, Object(Closure))
#14 C:\\laragon\\www\\shortzz_backend\\vendor\\laravel\\framework\\src\\Illuminate\\Database\\Connection.php(401): Illuminate\\Database\\Connection->select('select table_na...', Array, false)
#15 C:\\laragon\\www\\shortzz_backend\\vendor\\laravel\\framework\\src\\Illuminate\\Database\\Schema\\MySqlBuilder.php(41): Illuminate\\Database\\Connection->selectFromWriteConnection('select table_na...')
#16 C:\\laragon\\www\\shortzz_backend\\vendor\\laravel\\framework\\src\\Illuminate\\Database\\Schema\\Builder.php(165): Illuminate\\Database\\Schema\\MySqlBuilder->getTables(false)
#17 C:\\laragon\\www\\shortzz_backend\\vendor\\laravel\\framework\\src\\Illuminate\\Database\\Migrations\\DatabaseMigrationRepository.php(184): Illuminate\\Database\\Schema\\Builder->hasTable('migrations')
#18 C:\\laragon\\www\\shortzz_backend\\vendor\\laravel\\framework\\src\\Illuminate\\Database\\Migrations\\Migrator.php(700): Illuminate\\Database\\Migrations\\DatabaseMigrationRepository->repositoryExists()
#19 C:\\laragon\\www\\shortzz_backend\\vendor\\laravel\\framework\\src\\Illuminate\\Database\\Console\\Migrations\\MigrateCommand.php(140): Illuminate\\Database\\Migrations\\Migrator->repositoryExists()
#20 C:\\laragon\\www\\shortzz_backend\\vendor\\laravel\\framework\\src\\Illuminate\\Support\\helpers.php(248): Illuminate\\Database\\Console\\Migrations\\MigrateCommand->Illuminate\\Database\\Console\\Migrations\\{closure}(1)
#21 C:\\laragon\\www\\shortzz_backend\\vendor\\laravel\\framework\\src\\Illuminate\\Database\\Console\\Migrations\\MigrateCommand.php(140): retry(1, Object(Closure), 0, Object(Closure))
#22 C:\\laragon\\www\\shortzz_backend\\vendor\\laravel\\framework\\src\\Illuminate\\Database\\Console\\Migrations\\MigrateCommand.php(116): Illuminate\\Database\\Console\\Migrations\\MigrateCommand->repositoryExists()
#23 C:\\laragon\\www\\shortzz_backend\\vendor\\laravel\\framework\\src\\Illuminate\\Database\\Console\\Migrations\\MigrateCommand.php(84): Illuminate\\Database\\Console\\Migrations\\MigrateCommand->prepareDatabase()
#24 C:\\laragon\\www\\shortzz_backend\\vendor\\laravel\\framework\\src\\Illuminate\\Database\\Migrations\\Migrator.php(633): Illuminate\\Database\\Console\\Migrations\\MigrateCommand->Illuminate\\Database\\Console\\Migrations\\{closure}()
#25 C:\\laragon\\www\\shortzz_backend\\vendor\\laravel\\framework\\src\\Illuminate\\Database\\Console\\Migrations\\MigrateCommand.php(83): Illuminate\\Database\\Migrations\\Migrator->usingConnection(NULL, Object(Closure))
#26 C:\\laragon\\www\\shortzz_backend\\vendor\\laravel\\framework\\src\\Illuminate\\Container\\BoundMethod.php(36): Illuminate\\Database\\Console\\Migrations\\MigrateCommand->handle()
#27 C:\\laragon\\www\\shortzz_backend\\vendor\\laravel\\framework\\src\\Illuminate\\Container\\Util.php(41): Illuminate\\Container\\BoundMethod::Illuminate\\Container\\{closure}()
#28 C:\\laragon\\www\\shortzz_backend\\vendor\\laravel\\framework\\src\\Illuminate\\Container\\BoundMethod.php(93): Illuminate\\Container\\Util::unwrapIfClosure(Object(Closure))
#29 C:\\laragon\\www\\shortzz_backend\\vendor\\laravel\\framework\\src\\Illuminate\\Container\\BoundMethod.php(35): Illuminate\\Container\\BoundMethod::callBoundMethod(Object(Illuminate\\Foundation\\Application), Array, Object(Closure))
#30 C:\\laragon\\www\\shortzz_backend\\vendor\\laravel\\framework\\src\\Illuminate\\Container\\Container.php(662): Illuminate\\Container\\BoundMethod::call(Object(Illuminate\\Foundation\\Application), Array, Array, NULL)
#31 C:\\laragon\\www\\shortzz_backend\\vendor\\laravel\\framework\\src\\Illuminate\\Console\\Command.php(211): Illuminate\\Container\\Container->call(Array)
#32 C:\\laragon\\www\\shortzz_backend\\vendor\\symfony\\console\\Command\\Command.php(326): Illuminate\\Console\\Command->execute(Object(Symfony\\Component\\Console\\Input\\ArgvInput), Object(Illuminate\\Console\\OutputStyle))
#33 C:\\laragon\\www\\shortzz_backend\\vendor\\laravel\\framework\\src\\Illuminate\\Console\\Command.php(180): Symfony\\Component\\Console\\Command\\Command->run(Object(Symfony\\Component\\Console\\Input\\ArgvInput), Object(Illuminate\\Console\\OutputStyle))
#34 C:\\laragon\\www\\shortzz_backend\\vendor\\symfony\\console\\Application.php(1096): Illuminate\\Console\\Command->run(Object(Symfony\\Component\\Console\\Input\\ArgvInput), Object(Symfony\\Component\\Console\\Output\\ConsoleOutput))
#35 C:\\laragon\\www\\shortzz_backend\\vendor\\symfony\\console\\Application.php(324): Symfony\\Component\\Console\\Application->doRunCommand(Object(Illuminate\\Database\\Console\\Migrations\\MigrateCommand), Object(Symfony\\Component\\Console\\Input\\ArgvInput), Object(Symfony\\Component\\Console\\Output\\ConsoleOutput))
#36 C:\\laragon\\www\\shortzz_backend\\vendor\\symfony\\console\\Application.php(175): Symfony\\Component\\Console\\Application->doRun(Object(Symfony\\Component\\Console\\Input\\ArgvInput), Object(Symfony\\Component\\Console\\Output\\ConsoleOutput))
#37 C:\\laragon\\www\\shortzz_backend\\vendor\\laravel\\framework\\src\\Illuminate\\Foundation\\Console\\Kernel.php(201): Symfony\\Component\\Console\\Application->run(Object(Symfony\\Component\\Console\\Input\\ArgvInput), Object(Symfony\\Component\\Console\\Output\\ConsoleOutput))
#38 C:\\laragon\\www\\shortzz_backend\\artisan(35): Illuminate\\Foundation\\Console\\Kernel->handle(Object(Symfony\\Component\\Console\\Input\\ArgvInput), Object(Symfony\\Component\\Console\\Output\\ConsoleOutput))
#39 {main}
"} 
[2026-01-19 23:24:17] local.ERROR: SQLSTATE[42S02]: Base table or view not found: 1146 Table 'shortzz_backend.tbl_settings' doesn't exist (Connection: mysql, SQL: select * from `tbl_settings` limit 1) {"exception":"[object] (Illuminate\\Database\\QueryException(code: 42S02): SQLSTATE[42S02]: Base table or view not found: 1146 Table 'shortzz_backend.tbl_settings' doesn't exist (Connection: mysql, SQL: select * from `tbl_settings` limit 1) at C:\\laragon\\www\\shortzz_backend\\vendor\\laravel\\framework\\src\\Illuminate\\Database\\Connection.php:829)
[stacktrace]
#0 C:\\laragon\\www\\shortzz_backend\\vendor\\laravel\\framework\\src\\Illuminate\\Database\\Connection.php(783): Illuminate\\Database\\Connection->runQueryCallback('select * from `...', Array, Object(Closure))
#1 C:\\laragon\\www\\shortzz_backend\\vendor\\laravel\\framework\\src\\Illuminate\\Database\\Connection.php(414): Illuminate\\Database\\Connection->run('select * from `...', Array, Object(Closure))
#2 C:\\laragon\\www\\shortzz_backend\\vendor\\laravel\\framework\\src\\Illuminate\\Database\\Query\\Builder.php(2913): Illuminate\\Database\\Connection->select('select * from `...', Array, true)
#3 C:\\laragon\\www\\shortzz_backend\\vendor\\laravel\\framework\\src\\Illuminate\\Database\\Query\\Builder.php(2902): Illuminate\\Database\\Query\\Builder->runSelect()
#4 C:\\laragon\\www\\shortzz_backend\\vendor\\laravel\\framework\\src\\Illuminate\\Database\\Query\\Builder.php(3456): Illuminate\\Database\\Query\\Builder->Illuminate\\Database\\Query\\{closure}()
#5 C:\\laragon\\www\\shortzz_backend\\vendor\\laravel\\framework\\src\\Illuminate\\Database\\Query\\Builder.php(2901): Illuminate\\Database\\Query\\Builder->onceWithColumns(Array, Object(Closure))
#6 C:\\laragon\\www\\shortzz_backend\\vendor\\laravel\\framework\\src\\Illuminate\\Database\\Eloquent\\Builder.php(739): Illuminate\\Database\\Query\\Builder->get(Array)
#7 C:\\laragon\\www\\shortzz_backend\\vendor\\laravel\\framework\\src\\Illuminate\\Database\\Eloquent\\Builder.php(723): Illuminate\\Database\\Eloquent\\Builder->getModels(Array)
#8 C:\\laragon\\www\\shortzz_backend\\vendor\\laravel\\framework\\src\\Illuminate\\Database\\Concerns\\BuildsQueries.php(333): Illuminate\\Database\\Eloquent\\Builder->get(Array)
#9 C:\\laragon\\www\\shortzz_backend\\vendor\\laravel\\framework\\src\\Illuminate\\Support\\Traits\\ForwardsCalls.php(23): Illuminate\\Database\\Eloquent\\Builder->first()
#10 C:\\laragon\\www\\shortzz_backend\\vendor\\laravel\\framework\\src\\Illuminate\\Database\\Eloquent\\Model.php(2335): Illuminate\\Database\\Eloquent\\Model->forwardCallTo(Object(Illuminate\\Database\\Eloquent\\Builder), 'first', Array)
#11 C:\\laragon\\www\\shortzz_backend\\vendor\\laravel\\framework\\src\\Illuminate\\Database\\Eloquent\\Model.php(2347): Illuminate\\Database\\Eloquent\\Model->__call('first', Array)
#12 C:\\laragon\\www\\shortzz_backend\\app\\Http\\Controllers\\LoginController.php(47): Illuminate\\Database\\Eloquent\\Model::__callStatic('first', Array)
#13 C:\\laragon\\www\\shortzz_backend\\vendor\\laravel\\framework\\src\\Illuminate\\Routing\\Controller.php(54): App\\Http\\Controllers\\LoginController->login()
#14 C:\\laragon\\www\\shortzz_backend\\vendor\\laravel\\framework\\src\\Illuminate\\Routing\\ControllerDispatcher.php(43): Illuminate\\Routing\\Controller->callAction('login', Array)
#15 C:\\laragon\\www\\shortzz_backend\\vendor\\laravel\\framework\\src\\Illuminate\\Routing\\Route.php(259): Illuminate\\Routing\\ControllerDispatcher->dispatch(Object(Illuminate\\Routing\\Route), Object(App\\Http\\Controllers\\LoginController), 'login')
#16 C:\\laragon\\www\\shortzz_backend\\vendor\\laravel\\framework\\src\\Illuminate\\Routing\\Route.php(205): Illuminate\\Routing\\Route->runController()
#17 C:\\laragon\\www\\shortzz_backend\\vendor\\laravel\\framework\\src\\Illuminate\\Routing\\Router.php(806): Illuminate\\Routing\\Route->run()
#18 C:\\laragon\\www\\shortzz_backend\\vendor\\laravel\\framework\\src\\Illuminate\\Pipeline\\Pipeline.php(144): Illuminate\\Routing\\Router->Illuminate\\Routing\\{closure}(Object(Illuminate\\Http\\Request))
#19 C:\\laragon\\www\\shortzz_backend\\vendor\\laravel\\framework\\src\\Illuminate\\Routing\\Middleware\\SubstituteBindings.php(50): Illuminate\\Pipeline\\Pipeline->Illuminate\\Pipeline\\{closure}(Object(Illuminate\\Http\\Request))
#20 C:\\laragon\\www\\shortzz_backend\\vendor\\laravel\\framework\\src\\Illuminate\\Pipeline\\Pipeline.php(183): Illuminate\\Routing\\Middleware\\SubstituteBindings->handle(Object(Illuminate\\Http\\Request), Object(Closure))
#21 C:\\laragon\\www\\shortzz_backend\\vendor\\laravel\\framework\\src\\Illuminate\\Foundation\\Http\\Middleware\\VerifyCsrfToken.php(78): Illuminate\\Pipeline\\Pipeline->Illuminate\\Pipeline\\{closure}(Object(Illuminate\\Http\\Request))
#22 C:\\laragon\\www\\shortzz_backend\\vendor\\laravel\\framework\\src\\Illuminate\\Pipeline\\Pipeline.php(183): Illuminate\\Foundation\\Http\\Middleware\\VerifyCsrfToken->handle(Object(Illuminate\\Http\\Request), Object(Closure))
#23 C:\\laragon\\www\\shortzz_backend\\vendor\\laravel\\framework\\src\\Illuminate\\View\\Middleware\\ShareErrorsFromSession.php(49): Illuminate\\Pipeline\\Pipeline->Illuminate\\Pipeline\\{closure}(Object(Illuminate\\Http\\Request))
#24 C:\\laragon\\www\\shortzz_backend\\vendor\\laravel\\framework\\src\\Illuminate\\Pipeline\\Pipeline.php(183): Illuminate\\View\\Middleware\\ShareErrorsFromSession->handle(Object(Illuminate\\Http\\Request), Object(Closure))
#25 C:\\laragon\\www\\shortzz_backend\\vendor\\laravel\\framework\\src\\Illuminate\\Session\\Middleware\\StartSession.php(121): Illuminate\\Pipeline\\Pipeline->Illuminate\\Pipeline\\{closure}(Object(Illuminate\\Http\\Request))
#26 C:\\laragon\\www\\shortzz_backend\\vendor\\laravel\\framework\\src\\Illuminate\\Session\\Middleware\\StartSession.php(64): Illuminate\\Session\\Middleware\\StartSession->handleStatefulRequest(Object(Illuminate\\Http\\Request), Object(Illuminate\\Session\\Store), Object(Closure))
#27 C:\\laragon\\www\\shortzz_backend\\vendor\\laravel\\framework\\src\\Illuminate\\Pipeline\\Pipeline.php(183): Illuminate\\Session\\Middleware\\StartSession->handle(Object(Illuminate\\Http\\Request), Object(Closure))
#28 C:\\laragon\\www\\shortzz_backend\\vendor\\laravel\\framework\\src\\Illuminate\\Cookie\\Middleware\\AddQueuedCookiesToResponse.php(37): Illuminate\\Pipeline\\Pipeline->Illuminate\\Pipeline\\{closure}(Object(Illuminate\\Http\\Request))
#29 C:\\laragon\\www\\shortzz_backend\\vendor\\laravel\\framework\\src\\Illuminate\\Pipeline\\Pipeline.php(183): Illuminate\\Cookie\\Middleware\\AddQueuedCookiesToResponse->handle(Object(Illuminate\\Http\\Request), Object(Closure))
#30 C:\\laragon\\www\\shortzz_backend\\vendor\\laravel\\framework\\src\\Illuminate\\Cookie\\Middleware\\EncryptCookies.php(67): Illuminate\\Pipeline\\Pipeline->Illuminate\\Pipeline\\{closure}(Object(Illuminate\\Http\\Request))
#31 C:\\laragon\\www\\shortzz_backend\\vendor\\laravel\\framework\\src\\Illuminate\\Pipeline\\Pipeline.php(183): Illuminate\\Cookie\\Middleware\\EncryptCookies->handle(Object(Illuminate\\Http\\Request), Object(Closure))
#32 C:\\laragon\\www\\shortzz_backend\\vendor\\laravel\\framework\\src\\Illuminate\\Pipeline\\Pipeline.php(119): Illuminate\\Pipeline\\Pipeline->Illuminate\\Pipeline\\{closure}(Object(Illuminate\\Http\\Request))
#33 C:\\laragon\\www\\shortzz_backend\\vendor\\laravel\\framework\\src\\Illuminate\\Routing\\Router.php(805): Illuminate\\Pipeline\\Pipeline->then(Object(Closure))
#34 C:\\laragon\\www\\shortzz_backend\\vendor\\laravel\\framework\\src\\Illuminate\\Routing\\Router.php(784): Illuminate\\Routing\\Router->runRouteWithinStack(Object(Illuminate\\Routing\\Route), Object(Illuminate\\Http\\Request))
#35 C:\\laragon\\www\\shortzz_backend\\vendor\\laravel\\framework\\src\\Illuminate\\Routing\\Router.php(748): Illuminate\\Routing\\Router->runRoute(Object(Illuminate\\Http\\Request), Object(Illuminate\\Routing\\Route))
#36 C:\\laragon\\www\\shortzz_backend\\vendor\\laravel\\framework\\src\\Illuminate\\Routing\\Router.php(737): Illuminate\\Routing\\Router->dispatchToRoute(Object(Illuminate\\Http\\Request))
#37 C:\\laragon\\www\\shortzz_backend\\vendor\\laravel\\framework\\src\\Illuminate\\Foundation\\Http\\Kernel.php(200): Illuminate\\Routing\\Router->dispatch(Object(Illuminate\\Http\\Request))
#38 C:\\laragon\\www\\shortzz_backend\\vendor\\laravel\\framework\\src\\Illuminate\\Pipeline\\Pipeline.php(144): Illuminate\\Foundation\\Http\\Kernel->Illuminate\\Foundation\\Http\\{closure}(Object(Illuminate\\Http\\Request))
#39 C:\\laragon\\www\\shortzz_backend\\vendor\\laravel\\framework\\src\\Illuminate\\Foundation\\Http\\Middleware\\TransformsRequest.php(21): Illuminate\\Pipeline\\Pipeline->Illuminate\\Pipeline\\{closure}(Object(Illuminate\\Http\\Request))
#40 C:\\laragon\\www\\shortzz_backend\\vendor\\laravel\\framework\\src\\Illuminate\\Foundation\\Http\\Middleware\\ConvertEmptyStringsToNull.php(31): Illuminate\\Foundation\\Http\\Middleware\\TransformsRequest->handle(Object(Illuminate\\Http\\Request), Object(Closure))
#41 C:\\laragon\\www\\shortzz_backend\\vendor\\laravel\\framework\\src\\Illuminate\\Pipeline\\Pipeline.php(183): Illuminate\\Foundation\\Http\\Middleware\\ConvertEmptyStringsToNull->handle(Object(Illuminate\\Http\\Request), Object(Closure))
#42 C:\\laragon\\www\\shortzz_backend\\vendor\\laravel\\framework\\src\\Illuminate\\Foundation\\Http\\Middleware\\TransformsRequest.php(21): Illuminate\\Pipeline\\Pipeline->Illuminate\\Pipeline\\{closure}(Object(Illuminate\\Http\\Request))
#43 C:\\laragon\\www\\shortzz_backend\\vendor\\laravel\\framework\\src\\Illuminate\\Foundation\\Http\\Middleware\\TrimStrings.php(40): Illuminate\\Foundation\\Http\\Middleware\\TransformsRequest->handle(Object(Illuminate\\Http\\Request), Object(Closure))
#44 C:\\laragon\\www\\shortzz_backend\\vendor\\laravel\\framework\\src\\Illuminate\\Pipeline\\Pipeline.php(183): Illuminate\\Foundation\\Http\\Middleware\\TrimStrings->handle(Object(Illuminate\\Http\\Request), Object(Closure))
#45 C:\\laragon\\www\\shortzz_backend\\vendor\\laravel\\framework\\src\\Illuminate\\Foundation\\Http\\Middleware\\ValidatePostSize.php(27): Illuminate\\Pipeline\\Pipeline->Illuminate\\Pipeline\\{closure}(Object(Illuminate\\Http\\Request))
#46 C:\\laragon\\www\\shortzz_backend\\vendor\\laravel\\framework\\src\\Illuminate\\Pipeline\\Pipeline.php(183): Illuminate\\Foundation\\Http\\Middleware\\ValidatePostSize->handle(Object(Illuminate\\Http\\Request), Object(Closure))
#47 C:\\laragon\\www\\shortzz_backend\\vendor\\laravel\\framework\\src\\Illuminate\\Foundation\\Http\\Middleware\\PreventRequestsDuringMaintenance.php(99): Illuminate\\Pipeline\\Pipeline->Illuminate\\Pipeline\\{closure}(Object(Illuminate\\Http\\Request))
#48 C:\\laragon\\www\\shortzz_backend\\vendor\\laravel\\framework\\src\\Illuminate\\Pipeline\\Pipeline.php(183): Illuminate\\Foundation\\Http\\Middleware\\PreventRequestsDuringMaintenance->handle(Object(Illuminate\\Http\\Request), Object(Closure))
#49 C:\\laragon\\www\\shortzz_backend\\vendor\\laravel\\framework\\src\\Illuminate\\Http\\Middleware\\TrustProxies.php(39): Illuminate\\Pipeline\\Pipeline->Illuminate\\Pipeline\\{closure}(Object(Illuminate\\Http\\Request))
#50 C:\\laragon\\www\\shortzz_backend\\vendor\\laravel\\framework\\src\\Illuminate\\Pipeline\\Pipeline.php(183): Illuminate\\Http\\Middleware\\TrustProxies->handle(Object(Illuminate\\Http\\Request), Object(Closure))
#51 C:\\laragon\\www\\shortzz_backend\\vendor\\laravel\\framework\\src\\Illuminate\\Pipeline\\Pipeline.php(119): Illuminate\\Pipeline\\Pipeline->Illuminate\\Pipeline\\{closure}(Object(Illuminate\\Http\\Request))
#52 C:\\laragon\\www\\shortzz_backend\\vendor\\laravel\\framework\\src\\Illuminate\\Foundation\\Http\\Kernel.php(175): Illuminate\\Pipeline\\Pipeline->then(Object(Closure))
#53 C:\\laragon\\www\\shortzz_backend\\vendor\\laravel\\framework\\src\\Illuminate\\Foundation\\Http\\Kernel.php(144): Illuminate\\Foundation\\Http\\Kernel->sendRequestThroughRouter(Object(Illuminate\\Http\\Request))
#54 C:\\laragon\\www\\shortzz_backend\\public\\index.php(51): Illuminate\\Foundation\\Http\\Kernel->handle(Object(Illuminate\\Http\\Request))
#55 C:\\laragon\\www\\shortzz_backend\\server.php(21): require_once('C:\\\\laragon\\\\www\\\\...')
#56 {main}

[previous exception] [object] (PDOException(code: 42S02): SQLSTATE[42S02]: Base table or view not found: 1146 Table 'shortzz_backend.tbl_settings' doesn't exist at C:\\laragon\\www\\shortzz_backend\\vendor\\laravel\\framework\\src\\Illuminate\\Database\\Connection.php:423)
[stacktrace]
#0 C:\\laragon\\www\\shortzz_backend\\vendor\\laravel\\framework\\src\\Illuminate\\Database\\Connection.php(423): PDO->prepare('select * from `...')
#1 C:\\laragon\\www\\shortzz_backend\\vendor\\laravel\\framework\\src\\Illuminate\\Database\\Connection.php(816): Illuminate\\Database\\Connection->Illuminate\\Database\\{closure}('select * from `...', Array)
#2 C:\\laragon\\www\\shortzz_backend\\vendor\\laravel\\framework\\src\\Illuminate\\Database\\Connection.php(783): Illuminate\\Database\\Connection->runQueryCallback('select * from `...', Array, Object(Closure))
#3 C:\\laragon\\www\\shortzz_backend\\vendor\\laravel\\framework\\src\\Illuminate\\Database\\Connection.php(414): Illuminate\\Database\\Connection->run('select * from `...', Array, Object(Closure))
#4 C:\\laragon\\www\\shortzz_backend\\vendor\\laravel\\framework\\src\\Illuminate\\Database\\Query\\Builder.php(2913): Illuminate\\Database\\Connection->select('select * from `...', Array, true)
#5 C:\\laragon\\www\\shortzz_backend\\vendor\\laravel\\framework\\src\\Illuminate\\Database\\Query\\Builder.php(2902): Illuminate\\Database\\Query\\Builder->runSelect()
#6 C:\\laragon\\www\\shortzz_backend\\vendor\\laravel\\framework\\src\\Illuminate\\Database\\Query\\Builder.php(3456): Illuminate\\Database\\Query\\Builder->Illuminate\\Database\\Query\\{closure}()
#7 C:\\laragon\\www\\shortzz_backend\\vendor\\laravel\\framework\\src\\Illuminate\\Database\\Query\\Builder.php(2901): Illuminate\\Database\\Query\\Builder->onceWithColumns(Array, Object(Closure))
#8 C:\\laragon\\www\\shortzz_backend\\vendor\\laravel\\framework\\src\\Illuminate\\Database\\Eloquent\\Builder.php(739): Illuminate\\Database\\Query\\Builder->get(Array)
#9 C:\\laragon\\www\\shortzz_backend\\vendor\\laravel\\framework\\src\\Illuminate\\Database\\Eloquent\\Builder.php(723): Illuminate\\Database\\Eloquent\\Builder->getModels(Array)
#10 C:\\laragon\\www\\shortzz_backend\\vendor\\laravel\\framework\\src\\Illuminate\\Database\\Concerns\\BuildsQueries.php(333): Illuminate\\Database\\Eloquent\\Builder->get(Array)
#11 C:\\laragon\\www\\shortzz_backend\\vendor\\laravel\\framework\\src\\Illuminate\\Support\\Traits\\ForwardsCalls.php(23): Illuminate\\Database\\Eloquent\\Builder->first()
#12 C:\\laragon\\www\\shortzz_backend\\vendor\\laravel\\framework\\src\\Illuminate\\Database\\Eloquent\\Model.php(2335): Illuminate\\Database\\Eloquent\\Model->forwardCallTo(Object(Illuminate\\Database\\Eloquent\\Builder), 'first', Array)
#13 C:\\laragon\\www\\shortzz_backend\\vendor\\laravel\\framework\\src\\Illuminate\\Database\\Eloquent\\Model.php(2347): Illuminate\\Database\\Eloquent\\Model->__call('first', Array)
#14 C:\\laragon\\www\\shortzz_backend\\app\\Http\\Controllers\\LoginController.php(47): Illuminate\\Database\\Eloquent\\Model::__callStatic('first', Array)
#15 C:\\laragon\\www\\shortzz_backend\\vendor\\laravel\\framework\\src\\Illuminate\\Routing\\Controller.php(54): App\\Http\\Controllers\\LoginController->login()
#16 C:\\laragon\\www\\shortzz_backend\\vendor\\laravel\\framework\\src\\Illuminate\\Routing\\ControllerDispatcher.php(43): Illuminate\\Routing\\Controller->callAction('login', Array)
#17 C:\\laragon\\www\\shortzz_backend\\vendor\\laravel\\framework\\src\\Illuminate\\Routing\\Route.php(259): Illuminate\\Routing\\ControllerDispatcher->dispatch(Object(Illuminate\\Routing\\Route), Object(App\\Http\\Controllers\\LoginController), 'login')
#18 C:\\laragon\\www\\shortzz_backend\\vendor\\laravel\\framework\\src\\Illuminate\\Routing\\Route.php(205): Illuminate\\Routing\\Route->runController()
#19 C:\\laragon\\www\\shortzz_backend\\vendor\\laravel\\framework\\src\\Illuminate\\Routing\\Router.php(806): Illuminate\\Routing\\Route->run()
#20 C:\\laragon\\www\\shortzz_backend\\vendor\\laravel\\framework\\src\\Illuminate\\Pipeline\\Pipeline.php(144): Illuminate\\Routing\\Router->Illuminate\\Routing\\{closure}(Object(Illuminate\\Http\\Request))
#21 C:\\laragon\\www\\shortzz_backend\\vendor\\laravel\\framework\\src\\Illuminate\\Routing\\Middleware\\SubstituteBindings.php(50): Illuminate\\Pipeline\\Pipeline->Illuminate\\Pipeline\\{closure}(Object(Illuminate\\Http\\Request))
#22 C:\\laragon\\www\\shortzz_backend\\vendor\\laravel\\framework\\src\\Illuminate\\Pipeline\\Pipeline.php(183): Illuminate\\Routing\\Middleware\\SubstituteBindings->handle(Object(Illuminate\\Http\\Request), Object(Closure))
#23 C:\\laragon\\www\\shortzz_backend\\vendor\\laravel\\framework\\src\\Illuminate\\Foundation\\Http\\Middleware\\VerifyCsrfToken.php(78): Illuminate\\Pipeline\\Pipeline->Illuminate\\Pipeline\\{closure}(Object(Illuminate\\Http\\Request))
#24 C:\\laragon\\www\\shortzz_backend\\vendor\\laravel\\framework\\src\\Illuminate\\Pipeline\\Pipeline.php(183): Illuminate\\Foundation\\Http\\Middleware\\VerifyCsrfToken->handle(Object(Illuminate\\Http\\Request), Object(Closure))
#25 C:\\laragon\\www\\shortzz_backend\\vendor\\laravel\\framework\\src\\Illuminate\\View\\Middleware\\ShareErrorsFromSession.php(49): Illuminate\\Pipeline\\Pipeline->Illuminate\\Pipeline\\{closure}(Object(Illuminate\\Http\\Request))
#26 C:\\laragon\\www\\shortzz_backend\\vendor\\laravel\\framework\\src\\Illuminate\\Pipeline\\Pipeline.php(183): Illuminate\\View\\Middleware\\ShareErrorsFromSession->handle(Object(Illuminate\\Http\\Request), Object(Closure))
#27 C:\\laragon\\www\\shortzz_backend\\vendor\\laravel\\framework\\src\\Illuminate\\Session\\Middleware\\StartSession.php(121): Illuminate\\Pipeline\\Pipeline->Illuminate\\Pipeline\\{closure}(Object(Illuminate\\Http\\Request))
#28 C:\\laragon\\www\\shortzz_backend\\vendor\\laravel\\framework\\src\\Illuminate\\Session\\Middleware\\StartSession.php(64): Illuminate\\Session\\Middleware\\StartSession->handleStatefulRequest(Object(Illuminate\\Http\\Request), Object(Illuminate\\Session\\Store), Object(Closure))
#29 C:\\laragon\\www\\shortzz_backend\\vendor\\laravel\\framework\\src\\Illuminate\\Pipeline\\Pipeline.php(183): Illuminate\\Session\\Middleware\\StartSession->handle(Object(Illuminate\\Http\\Request), Object(Closure))
#30 C:\\laragon\\www\\shortzz_backend\\vendor\\laravel\\framework\\src\\Illuminate\\Cookie\\Middleware\\AddQueuedCookiesToResponse.php(37): Illuminate\\Pipeline\\Pipeline->Illuminate\\Pipeline\\{closure}(Object(Illuminate\\Http\\Request))
#31 C:\\laragon\\www\\shortzz_backend\\vendor\\laravel\\framework\\src\\Illuminate\\Pipeline\\Pipeline.php(183): Illuminate\\Cookie\\Middleware\\AddQueuedCookiesToResponse->handle(Object(Illuminate\\Http\\Request), Object(Closure))
#32 C:\\laragon\\www\\shortzz_backend\\vendor\\laravel\\framework\\src\\Illuminate\\Cookie\\Middleware\\EncryptCookies.php(67): Illuminate\\Pipeline\\Pipeline->Illuminate\\Pipeline\\{closure}(Object(Illuminate\\Http\\Request))
#33 C:\\laragon\\www\\shortzz_backend\\vendor\\laravel\\framework\\src\\Illuminate\\Pipeline\\Pipeline.php(183): Illuminate\\Cookie\\Middleware\\EncryptCookies->handle(Object(Illuminate\\Http\\Request), Object(Closure))
#34 C:\\laragon\\www\\shortzz_backend\\vendor\\laravel\\framework\\src\\Illuminate\\Pipeline\\Pipeline.php(119): Illuminate\\Pipeline\\Pipeline->Illuminate\\Pipeline\\{closure}(Object(Illuminate\\Http\\Request))
#35 C:\\laragon\\www\\shortzz_backend\\vendor\\laravel\\framework\\src\\Illuminate\\Routing\\Router.php(805): Illuminate\\Pipeline\\Pipeline->then(Object(Closure))
#36 C:\\laragon\\www\\shortzz_backend\\vendor\\laravel\\framework\\src\\Illuminate\\Routing\\Router.php(784): Illuminate\\Routing\\Router->runRouteWithinStack(Object(Illuminate\\Routing\\Route), Object(Illuminate\\Http\\Request))
#37 C:\\laragon\\www\\shortzz_backend\\vendor\\laravel\\framework\\src\\Illuminate\\Routing\\Router.php(748): Illuminate\\Routing\\Router->runRoute(Object(Illuminate\\Http\\Request), Object(Illuminate\\Routing\\Route))
#38 C:\\laragon\\www\\shortzz_backend\\vendor\\laravel\\framework\\src\\Illuminate\\Routing\\Router.php(737): Illuminate\\Routing\\Router->dispatchToRoute(Object(Illuminate\\Http\\Request))
#39 C:\\laragon\\www\\shortzz_backend\\vendor\\laravel\\framework\\src\\Illuminate\\Foundation\\Http\\Kernel.php(200): Illuminate\\Routing\\Router->dispatch(Object(Illuminate\\Http\\Request))
#40 C:\\laragon\\www\\shortzz_backend\\vendor\\laravel\\framework\\src\\Illuminate\\Pipeline\\Pipeline.php(144): Illuminate\\Foundation\\Http\\Kernel->Illuminate\\Foundation\\Http\\{closure}(Object(Illuminate\\Http\\Request))
#41 C:\\laragon\\www\\shortzz_backend\\vendor\\laravel\\framework\\src\\Illuminate\\Foundation\\Http\\Middleware\\TransformsRequest.php(21): Illuminate\\Pipeline\\Pipeline->Illuminate\\Pipeline\\{closure}(Object(Illuminate\\Http\\Request))
#42 C:\\laragon\\www\\shortzz_backend\\vendor\\laravel\\framework\\src\\Illuminate\\Foundation\\Http\\Middleware\\ConvertEmptyStringsToNull.php(31): Illuminate\\Foundation\\Http\\Middleware\\TransformsRequest->handle(Object(Illuminate\\Http\\Request), Object(Closure))
#43 C:\\laragon\\www\\shortzz_backend\\vendor\\laravel\\framework\\src\\Illuminate\\Pipeline\\Pipeline.php(183): Illuminate\\Foundation\\Http\\Middleware\\ConvertEmptyStringsToNull->handle(Object(Illuminate\\Http\\Request), Object(Closure))
#44 C:\\laragon\\www\\shortzz_backend\\vendor\\laravel\\framework\\src\\Illuminate\\Foundation\\Http\\Middleware\\TransformsRequest.php(21): Illuminate\\Pipeline\\Pipeline->Illuminate\\Pipeline\\{closure}(Object(Illuminate\\Http\\Request))
#45 C:\\laragon\\www\\shortzz_backend\\vendor\\laravel\\framework\\src\\Illuminate\\Foundation\\Http\\Middleware\\TrimStrings.php(40): Illuminate\\Foundation\\Http\\Middleware\\TransformsRequest->handle(Object(Illuminate\\Http\\Request), Object(Closure))
#46 C:\\laragon\\www\\shortzz_backend\\vendor\\laravel\\framework\\src\\Illuminate\\Pipeline\\Pipeline.php(183): Illuminate\\Foundation\\Http\\Middleware\\TrimStrings->handle(Object(Illuminate\\Http\\Request), Object(Closure))
#47 C:\\laragon\\www\\shortzz_backend\\vendor\\laravel\\framework\\src\\Illuminate\\Foundation\\Http\\Middleware\\ValidatePostSize.php(27): Illuminate\\Pipeline\\Pipeline->Illuminate\\Pipeline\\{closure}(Object(Illuminate\\Http\\Request))
#48 C:\\laragon\\www\\shortzz_backend\\vendor\\laravel\\framework\\src\\Illuminate\\Pipeline\\Pipeline.php(183): Illuminate\\Foundation\\Http\\Middleware\\ValidatePostSize->handle(Object(Illuminate\\Http\\Request), Object(Closure))
#49 C:\\laragon\\www\\shortzz_backend\\vendor\\laravel\\framework\\src\\Illuminate\\Foundation\\Http\\Middleware\\PreventRequestsDuringMaintenance.php(99): Illuminate\\Pipeline\\Pipeline->Illuminate\\Pipeline\\{closure}(Object(Illuminate\\Http\\Request))
#50 C:\\laragon\\www\\shortzz_backend\\vendor\\laravel\\framework\\src\\Illuminate\\Pipeline\\Pipeline.php(183): Illuminate\\Foundation\\Http\\Middleware\\PreventRequestsDuringMaintenance->handle(Object(Illuminate\\Http\\Request), Object(Closure))
#51 C:\\laragon\\www\\shortzz_backend\\vendor\\laravel\\framework\\src\\Illuminate\\Http\\Middleware\\TrustProxies.php(39): Illuminate\\Pipeline\\Pipeline->Illuminate\\Pipeline\\{closure}(Object(Illuminate\\Http\\Request))
#52 C:\\laragon\\www\\shortzz_backend\\vendor\\laravel\\framework\\src\\Illuminate\\Pipeline\\Pipeline.php(183): Illuminate\\Http\\Middleware\\TrustProxies->handle(Object(Illuminate\\Http\\Request), Object(Closure))
#53 C:\\laragon\\www\\shortzz_backend\\vendor\\laravel\\framework\\src\\Illuminate\\Pipeline\\Pipeline.php(119): Illuminate\\Pipeline\\Pipeline->Illuminate\\Pipeline\\{closure}(Object(Illuminate\\Http\\Request))
#54 C:\\laragon\\www\\shortzz_backend\\vendor\\laravel\\framework\\src\\Illuminate\\Foundation\\Http\\Kernel.php(175): Illuminate\\Pipeline\\Pipeline->then(Object(Closure))
#55 C:\\laragon\\www\\shortzz_backend\\vendor\\laravel\\framework\\src\\Illuminate\\Foundation\\Http\\Kernel.php(144): Illuminate\\Foundation\\Http\\Kernel->sendRequestThroughRouter(Object(Illuminate\\Http\\Request))
#56 C:\\laragon\\www\\shortzz_backend\\public\\index.php(51): Illuminate\\Foundation\\Http\\Kernel->handle(Object(Illuminate\\Http\\Request))
#57 C:\\laragon\\www\\shortzz_backend\\server.php(21): require_once('C:\\\\laragon\\\\www\\\\...')
#58 {main}
"} 
[2026-01-19 23:29:58] local.ERROR: The MAC is invalid. {"exception":"[object] (Illuminate\\Contracts\\Encryption\\DecryptException(code: 0): The MAC is invalid. at C:\\laragon\\www\\shortzz_backend\\vendor\\laravel\\framework\\src\\Illuminate\\Encryption\\Encrypter.php:222)
[stacktrace]
#0 C:\\laragon\\www\\shortzz_backend\\vendor\\laravel\\framework\\src\\Illuminate\\Encryption\\Encrypter.php(151): Illuminate\\Encryption\\Encrypter->getJsonPayload(Array)
#1 C:\\laragon\\www\\shortzz_backend\\vendor\\laravel\\framework\\src\\Illuminate\\Foundation\\helpers.php(373): Illuminate\\Encryption\\Encrypter->decrypt('eyJpdiI6InkxUVc...', true)
#2 C:\\laragon\\www\\shortzz_backend\\app\\Http\\Controllers\\LoginController.php(65): decrypt('eyJpdiI6InkxUVc...')
#3 C:\\laragon\\www\\shortzz_backend\\vendor\\laravel\\framework\\src\\Illuminate\\Routing\\Controller.php(54): App\\Http\\Controllers\\LoginController->checkLogin(Object(Illuminate\\Http\\Request))
#4 C:\\laragon\\www\\shortzz_backend\\vendor\\laravel\\framework\\src\\Illuminate\\Routing\\ControllerDispatcher.php(43): Illuminate\\Routing\\Controller->callAction('checkLogin', Array)
#5 C:\\laragon\\www\\shortzz_backend\\vendor\\laravel\\framework\\src\\Illuminate\\Routing\\Route.php(259): Illuminate\\Routing\\ControllerDispatcher->dispatch(Object(Illuminate\\Routing\\Route), Object(App\\Http\\Controllers\\LoginController), 'checkLogin')
#6 C:\\laragon\\www\\shortzz_backend\\vendor\\laravel\\framework\\src\\Illuminate\\Routing\\Route.php(205): Illuminate\\Routing\\Route->runController()
#7 C:\\laragon\\www\\shortzz_backend\\vendor\\laravel\\framework\\src\\Illuminate\\Routing\\Router.php(806): Illuminate\\Routing\\Route->run()
#8 C:\\laragon\\www\\shortzz_backend\\vendor\\laravel\\framework\\src\\Illuminate\\Pipeline\\Pipeline.php(144): Illuminate\\Routing\\Router->Illuminate\\Routing\\{closure}(Object(Illuminate\\Http\\Request))
#9 C:\\laragon\\www\\shortzz_backend\\vendor\\laravel\\framework\\src\\Illuminate\\Routing\\Middleware\\SubstituteBindings.php(50): Illuminate\\Pipeline\\Pipeline->Illuminate\\Pipeline\\{closure}(Object(Illuminate\\Http\\Request))
#10 C:\\laragon\\www\\shortzz_backend\\vendor\\laravel\\framework\\src\\Illuminate\\Pipeline\\Pipeline.php(183): Illuminate\\Routing\\Middleware\\SubstituteBindings->handle(Object(Illuminate\\Http\\Request), Object(Closure))
#11 C:\\laragon\\www\\shortzz_backend\\vendor\\laravel\\framework\\src\\Illuminate\\Foundation\\Http\\Middleware\\VerifyCsrfToken.php(78): Illuminate\\Pipeline\\Pipeline->Illuminate\\Pipeline\\{closure}(Object(Illuminate\\Http\\Request))
#12 C:\\laragon\\www\\shortzz_backend\\vendor\\laravel\\framework\\src\\Illuminate\\Pipeline\\Pipeline.php(183): Illuminate\\Foundation\\Http\\Middleware\\VerifyCsrfToken->handle(Object(Illuminate\\Http\\Request), Object(Closure))
#13 C:\\laragon\\www\\shortzz_backend\\vendor\\laravel\\framework\\src\\Illuminate\\View\\Middleware\\ShareErrorsFromSession.php(49): Illuminate\\Pipeline\\Pipeline->Illuminate\\Pipeline\\{closure}(Object(Illuminate\\Http\\Request))
#14 C:\\laragon\\www\\shortzz_backend\\vendor\\laravel\\framework\\src\\Illuminate\\Pipeline\\Pipeline.php(183): Illuminate\\View\\Middleware\\ShareErrorsFromSession->handle(Object(Illuminate\\Http\\Request), Object(Closure))
#15 C:\\laragon\\www\\shortzz_backend\\vendor\\laravel\\framework\\src\\Illuminate\\Session\\Middleware\\StartSession.php(121): Illuminate\\Pipeline\\Pipeline->Illuminate\\Pipeline\\{closure}(Object(Illuminate\\Http\\Request))
#16 C:\\laragon\\www\\shortzz_backend\\vendor\\laravel\\framework\\src\\Illuminate\\Session\\Middleware\\StartSession.php(64): Illuminate\\Session\\Middleware\\StartSession->handleStatefulRequest(Object(Illuminate\\Http\\Request), Object(Illuminate\\Session\\Store), Object(Closure))
#17 C:\\laragon\\www\\shortzz_backend\\vendor\\laravel\\framework\\src\\Illuminate\\Pipeline\\Pipeline.php(183): Illuminate\\Session\\Middleware\\StartSession->handle(Object(Illuminate\\Http\\Request), Object(Closure))
#18 C:\\laragon\\www\\shortzz_backend\\vendor\\laravel\\framework\\src\\Illuminate\\Cookie\\Middleware\\AddQueuedCookiesToResponse.php(37): Illuminate\\Pipeline\\Pipeline->Illuminate\\Pipeline\\{closure}(Object(Illuminate\\Http\\Request))
#19 C:\\laragon\\www\\shortzz_backend\\vendor\\laravel\\framework\\src\\Illuminate\\Pipeline\\Pipeline.php(183): Illuminate\\Cookie\\Middleware\\AddQueuedCookiesToResponse->handle(Object(Illuminate\\Http\\Request), Object(Closure))
#20 C:\\laragon\\www\\shortzz_backend\\vendor\\laravel\\framework\\src\\Illuminate\\Cookie\\Middleware\\EncryptCookies.php(67): Illuminate\\Pipeline\\Pipeline->Illuminate\\Pipeline\\{closure}(Object(Illuminate\\Http\\Request))
#21 C:\\laragon\\www\\shortzz_backend\\vendor\\laravel\\framework\\src\\Illuminate\\Pipeline\\Pipeline.php(183): Illuminate\\Cookie\\Middleware\\EncryptCookies->handle(Object(Illuminate\\Http\\Request), Object(Closure))
#22 C:\\laragon\\www\\shortzz_backend\\vendor\\laravel\\framework\\src\\Illuminate\\Pipeline\\Pipeline.php(119): Illuminate\\Pipeline\\Pipeline->Illuminate\\Pipeline\\{closure}(Object(Illuminate\\Http\\Request))
#23 C:\\laragon\\www\\shortzz_backend\\vendor\\laravel\\framework\\src\\Illuminate\\Routing\\Router.php(805): Illuminate\\Pipeline\\Pipeline->then(Object(Closure))
#24 C:\\laragon\\www\\shortzz_backend\\vendor\\laravel\\framework\\src\\Illuminate\\Routing\\Router.php(784): Illuminate\\Routing\\Router->runRouteWithinStack(Object(Illuminate\\Routing\\Route), Object(Illuminate\\Http\\Request))
#25 C:\\laragon\\www\\shortzz_backend\\vendor\\laravel\\framework\\src\\Illuminate\\Routing\\Router.php(748): Illuminate\\Routing\\Router->runRoute(Object(Illuminate\\Http\\Request), Object(Illuminate\\Routing\\Route))
#26 C:\\laragon\\www\\shortzz_backend\\vendor\\laravel\\framework\\src\\Illuminate\\Routing\\Router.php(737): Illuminate\\Routing\\Router->dispatchToRoute(Object(Illuminate\\Http\\Request))
#27 C:\\laragon\\www\\shortzz_backend\\vendor\\laravel\\framework\\src\\Illuminate\\Foundation\\Http\\Kernel.php(200): Illuminate\\Routing\\Router->dispatch(Object(Illuminate\\Http\\Request))
#28 C:\\laragon\\www\\shortzz_backend\\vendor\\laravel\\framework\\src\\Illuminate\\Pipeline\\Pipeline.php(144): Illuminate\\Foundation\\Http\\Kernel->Illuminate\\Foundation\\Http\\{closure}(Object(Illuminate\\Http\\Request))
#29 C:\\laragon\\www\\shortzz_backend\\vendor\\laravel\\framework\\src\\Illuminate\\Foundation\\Http\\Middleware\\TransformsRequest.php(21): Illuminate\\Pipeline\\Pipeline->Illuminate\\Pipeline\\{closure}(Object(Illuminate\\Http\\Request))
#30 C:\\laragon\\www\\shortzz_backend\\vendor\\laravel\\framework\\src\\Illuminate\\Foundation\\Http\\Middleware\\ConvertEmptyStringsToNull.php(31): Illuminate\\Foundation\\Http\\Middleware\\TransformsRequest->handle(Object(Illuminate\\Http\\Request), Object(Closure))
#31 C:\\laragon\\www\\shortzz_backend\\vendor\\laravel\\framework\\src\\Illuminate\\Pipeline\\Pipeline.php(183): Illuminate\\Foundation\\Http\\Middleware\\ConvertEmptyStringsToNull->handle(Object(Illuminate\\Http\\Request), Object(Closure))
#32 C:\\laragon\\www\\shortzz_backend\\vendor\\laravel\\framework\\src\\Illuminate\\Foundation\\Http\\Middleware\\TransformsRequest.php(21): Illuminate\\Pipeline\\Pipeline->Illuminate\\Pipeline\\{closure}(Object(Illuminate\\Http\\Request))
#33 C:\\laragon\\www\\shortzz_backend\\vendor\\laravel\\framework\\src\\Illuminate\\Foundation\\Http\\Middleware\\TrimStrings.php(40): Illuminate\\Foundation\\Http\\Middleware\\TransformsRequest->handle(Object(Illuminate\\Http\\Request), Object(Closure))
#34 C:\\laragon\\www\\shortzz_backend\\vendor\\laravel\\framework\\src\\Illuminate\\Pipeline\\Pipeline.php(183): Illuminate\\Foundation\\Http\\Middleware\\TrimStrings->handle(Object(Illuminate\\Http\\Request), Object(Closure))
#35 C:\\laragon\\www\\shortzz_backend\\vendor\\laravel\\framework\\src\\Illuminate\\Foundation\\Http\\Middleware\\ValidatePostSize.php(27): Illuminate\\Pipeline\\Pipeline->Illuminate\\Pipeline\\{closure}(Object(Illuminate\\Http\\Request))
#36 C:\\laragon\\www\\shortzz_backend\\vendor\\laravel\\framework\\src\\Illuminate\\Pipeline\\Pipeline.php(183): Illuminate\\Foundation\\Http\\Middleware\\ValidatePostSize->handle(Object(Illuminate\\Http\\Request), Object(Closure))
#37 C:\\laragon\\www\\shortzz_backend\\vendor\\laravel\\framework\\src\\Illuminate\\Foundation\\Http\\Middleware\\PreventRequestsDuringMaintenance.php(99): Illuminate\\Pipeline\\Pipeline->Illuminate\\Pipeline\\{closure}(Object(Illuminate\\Http\\Request))
#38 C:\\laragon\\www\\shortzz_backend\\vendor\\laravel\\framework\\src\\Illuminate\\Pipeline\\Pipeline.php(183): Illuminate\\Foundation\\Http\\Middleware\\PreventRequestsDuringMaintenance->handle(Object(Illuminate\\Http\\Request), Object(Closure))
#39 C:\\laragon\\www\\shortzz_backend\\vendor\\laravel\\framework\\src\\Illuminate\\Http\\Middleware\\TrustProxies.php(39): Illuminate\\Pipeline\\Pipeline->Illuminate\\Pipeline\\{closure}(Object(Illuminate\\Http\\Request))
#40 C:\\laragon\\www\\shortzz_backend\\vendor\\laravel\\framework\\src\\Illuminate\\Pipeline\\Pipeline.php(183): Illuminate\\Http\\Middleware\\TrustProxies->handle(Object(Illuminate\\Http\\Request), Object(Closure))
#41 C:\\laragon\\www\\shortzz_backend\\vendor\\laravel\\framework\\src\\Illuminate\\Pipeline\\Pipeline.php(119): Illuminate\\Pipeline\\Pipeline->Illuminate\\Pipeline\\{closure}(Object(Illuminate\\Http\\Request))
#42 C:\\laragon\\www\\shortzz_backend\\vendor\\laravel\\framework\\src\\Illuminate\\Foundation\\Http\\Kernel.php(175): Illuminate\\Pipeline\\Pipeline->then(Object(Closure))
#43 C:\\laragon\\www\\shortzz_backend\\vendor\\laravel\\framework\\src\\Illuminate\\Foundation\\Http\\Kernel.php(144): Illuminate\\Foundation\\Http\\Kernel->sendRequestThroughRouter(Object(Illuminate\\Http\\Request))
#44 C:\\laragon\\www\\shortzz_backend\\public\\index.php(51): Illuminate\\Foundation\\Http\\Kernel->handle(Object(Illuminate\\Http\\Request))
#45 C:\\laragon\\www\\shortzz_backend\\server.php(21): require_once('C:\\\\laragon\\\\www\\\\...')
#46 {main}
"} 
[2026-01-19 23:31:06] local.ERROR: SQLSTATE[HY000]: General error: 1364 Field 'admin_name' doesn't have a default value (Connection: mysql, SQL: insert into `tbl_admin` (`admin_username`, `admin_password`, `user_type`) values (admin, eyJpdiI6ImxMKzhGVmVJS05FL0kwRmpkZVRIcFE9PSIsInZhbHVlIjoiS1Evc0JwL3ZDUGVTV0VRQ1NjUEhVQT09IiwibWFjIjoiMWVlYjBlNjgzYzg3NDIxMDM3Y2YxOGQxZGRiZDYxNjIyN2JkNTgwYTJjODI5NGY3OWE1Yjg5NTM4ODI3NzNhYiIsInRhZyI6IiJ9, 1)) {"exception":"[object] (Illuminate\\Database\\QueryException(code: HY000): SQLSTATE[HY000]: General error: 1364 Field 'admin_name' doesn't have a default value (Connection: mysql, SQL: insert into `tbl_admin` (`admin_username`, `admin_password`, `user_type`) values (admin, eyJpdiI6ImxMKzhGVmVJS05FL0kwRmpkZVRIcFE9PSIsInZhbHVlIjoiS1Evc0JwL3ZDUGVTV0VRQ1NjUEhVQT09IiwibWFjIjoiMWVlYjBlNjgzYzg3NDIxMDM3Y2YxOGQxZGRiZDYxNjIyN2JkNTgwYTJjODI5NGY3OWE1Yjg5NTM4ODI3NzNhYiIsInRhZyI6IiJ9, 1)) at C:\\laragon\\www\\shortzz_backend\\vendor\\laravel\\framework\\src\\Illuminate\\Database\\Connection.php:829)
[stacktrace]
#0 C:\\laragon\\www\\shortzz_backend\\vendor\\laravel\\framework\\src\\Illuminate\\Database\\Connection.php(783): Illuminate\\Database\\Connection->runQueryCallback('insert into `tb...', Array, Object(Closure))
#1 C:\\laragon\\www\\shortzz_backend\\vendor\\laravel\\framework\\src\\Illuminate\\Database\\MySqlConnection.php(34): Illuminate\\Database\\Connection->run('insert into `tb...', Array, Object(Closure))
#2 C:\\laragon\\www\\shortzz_backend\\vendor\\laravel\\framework\\src\\Illuminate\\Database\\Query\\Builder.php(3498): Illuminate\\Database\\MySqlConnection->insert('insert into `tb...', Array)
#3 C:\\laragon\\www\\shortzz_backend\\database\\seeders\\AdminUserSeeder.php(24): Illuminate\\Database\\Query\\Builder->insert(Array)
#4 C:\\laragon\\www\\shortzz_backend\\vendor\\laravel\\framework\\src\\Illuminate\\Container\\BoundMethod.php(36): Database\\Seeders\\AdminUserSeeder->run()
#5 C:\\laragon\\www\\shortzz_backend\\vendor\\laravel\\framework\\src\\Illuminate\\Container\\Util.php(41): Illuminate\\Container\\BoundMethod::Illuminate\\Container\\{closure}()
#6 C:\\laragon\\www\\shortzz_backend\\vendor\\laravel\\framework\\src\\Illuminate\\Container\\BoundMethod.php(93): Illuminate\\Container\\Util::unwrapIfClosure(Object(Closure))
#7 C:\\laragon\\www\\shortzz_backend\\vendor\\laravel\\framework\\src\\Illuminate\\Container\\BoundMethod.php(35): Illuminate\\Container\\BoundMethod::callBoundMethod(Object(Illuminate\\Foundation\\Application), Array, Object(Closure))
#8 C:\\laragon\\www\\shortzz_backend\\vendor\\laravel\\framework\\src\\Illuminate\\Container\\Container.php(662): Illuminate\\Container\\BoundMethod::call(Object(Illuminate\\Foundation\\Application), Array, Array, NULL)
#9 C:\\laragon\\www\\shortzz_backend\\vendor\\laravel\\framework\\src\\Illuminate\\Database\\Seeder.php(184): Illuminate\\Container\\Container->call(Array, Array)
#10 C:\\laragon\\www\\shortzz_backend\\vendor\\laravel\\framework\\src\\Illuminate\\Database\\Seeder.php(193): Illuminate\\Database\\Seeder->Illuminate\\Database\\{closure}()
#11 C:\\laragon\\www\\shortzz_backend\\vendor\\laravel\\framework\\src\\Illuminate\\Database\\Console\\Seeds\\SeedCommand.php(70): Illuminate\\Database\\Seeder->__invoke()
#12 C:\\laragon\\www\\shortzz_backend\\vendor\\laravel\\framework\\src\\Illuminate\\Database\\Eloquent\\Concerns\\GuardsAttributes.php(155): Illuminate\\Database\\Console\\Seeds\\SeedCommand->Illuminate\\Database\\Console\\Seeds\\{closure}()
#13 C:\\laragon\\www\\shortzz_backend\\vendor\\laravel\\framework\\src\\Illuminate\\Database\\Console\\Seeds\\SeedCommand.php(69): Illuminate\\Database\\Eloquent\\Model::unguarded(Object(Closure))
#14 C:\\laragon\\www\\shortzz_backend\\vendor\\laravel\\framework\\src\\Illuminate\\Container\\BoundMethod.php(36): Illuminate\\Database\\Console\\Seeds\\SeedCommand->handle()
#15 C:\\laragon\\www\\shortzz_backend\\vendor\\laravel\\framework\\src\\Illuminate\\Container\\Util.php(41): Illuminate\\Container\\BoundMethod::Illuminate\\Container\\{closure}()
#16 C:\\laragon\\www\\shortzz_backend\\vendor\\laravel\\framework\\src\\Illuminate\\Container\\BoundMethod.php(93): Illuminate\\Container\\Util::unwrapIfClosure(Object(Closure))
#17 C:\\laragon\\www\\shortzz_backend\\vendor\\laravel\\framework\\src\\Illuminate\\Container\\BoundMethod.php(35): Illuminate\\Container\\BoundMethod::callBoundMethod(Object(Illuminate\\Foundation\\Application), Array, Object(Closure))
#18 C:\\laragon\\www\\shortzz_backend\\vendor\\laravel\\framework\\src\\Illuminate\\Container\\Container.php(662): Illuminate\\Container\\BoundMethod::call(Object(Illuminate\\Foundation\\Application), Array, Array, NULL)
#19 C:\\laragon\\www\\shortzz_backend\\vendor\\laravel\\framework\\src\\Illuminate\\Console\\Command.php(211): Illuminate\\Container\\Container->call(Array)
#20 C:\\laragon\\www\\shortzz_backend\\vendor\\symfony\\console\\Command\\Command.php(326): Illuminate\\Console\\Command->execute(Object(Symfony\\Component\\Console\\Input\\ArgvInput), Object(Illuminate\\Console\\OutputStyle))
#21 C:\\laragon\\www\\shortzz_backend\\vendor\\laravel\\framework\\src\\Illuminate\\Console\\Command.php(180): Symfony\\Component\\Console\\Command\\Command->run(Object(Symfony\\Component\\Console\\Input\\ArgvInput), Object(Illuminate\\Console\\OutputStyle))
#22 C:\\laragon\\www\\shortzz_backend\\vendor\\symfony\\console\\Application.php(1096): Illuminate\\Console\\Command->run(Object(Symfony\\Component\\Console\\Input\\ArgvInput), Object(Symfony\\Component\\Console\\Output\\ConsoleOutput))
#23 C:\\laragon\\www\\shortzz_backend\\vendor\\symfony\\console\\Application.php(324): Symfony\\Component\\Console\\Application->doRunCommand(Object(Illuminate\\Database\\Console\\Seeds\\SeedCommand), Object(Symfony\\Component\\Console\\Input\\ArgvInput), Object(Symfony\\Component\\Console\\Output\\ConsoleOutput))
#24 C:\\laragon\\www\\shortzz_backend\\vendor\\symfony\\console\\Application.php(175): Symfony\\Component\\Console\\Application->doRun(Object(Symfony\\Component\\Console\\Input\\ArgvInput), Object(Symfony\\Component\\Console\\Output\\ConsoleOutput))
#25 C:\\laragon\\www\\shortzz_backend\\vendor\\laravel\\framework\\src\\Illuminate\\Foundation\\Console\\Kernel.php(201): Symfony\\Component\\Console\\Application->run(Object(Symfony\\Component\\Console\\Input\\ArgvInput), Object(Symfony\\Component\\Console\\Output\\ConsoleOutput))
#26 C:\\laragon\\www\\shortzz_backend\\artisan(35): Illuminate\\Foundation\\Console\\Kernel->handle(Object(Symfony\\Component\\Console\\Input\\ArgvInput), Object(Symfony\\Component\\Console\\Output\\ConsoleOutput))
#27 {main}

[previous exception] [object] (PDOException(code: HY000): SQLSTATE[HY000]: General error: 1364 Field 'admin_name' doesn't have a default value at C:\\laragon\\www\\shortzz_backend\\vendor\\laravel\\framework\\src\\Illuminate\\Database\\MySqlConnection.php:45)
[stacktrace]
#0 C:\\laragon\\www\\shortzz_backend\\vendor\\laravel\\framework\\src\\Illuminate\\Database\\MySqlConnection.php(45): PDOStatement->execute()
#1 C:\\laragon\\www\\shortzz_backend\\vendor\\laravel\\framework\\src\\Illuminate\\Database\\Connection.php(816): Illuminate\\Database\\MySqlConnection->Illuminate\\Database\\{closure}('insert into `tb...', Array)
#2 C:\\laragon\\www\\shortzz_backend\\vendor\\laravel\\framework\\src\\Illuminate\\Database\\Connection.php(783): Illuminate\\Database\\Connection->runQueryCallback('insert into `tb...', Array, Object(Closure))
#3 C:\\laragon\\www\\shortzz_backend\\vendor\\laravel\\framework\\src\\Illuminate\\Database\\MySqlConnection.php(34): Illuminate\\Database\\Connection->run('insert into `tb...', Array, Object(Closure))
#4 C:\\laragon\\www\\shortzz_backend\\vendor\\laravel\\framework\\src\\Illuminate\\Database\\Query\\Builder.php(3498): Illuminate\\Database\\MySqlConnection->insert('insert into `tb...', Array)
#5 C:\\laragon\\www\\shortzz_backend\\database\\seeders\\AdminUserSeeder.php(24): Illuminate\\Database\\Query\\Builder->insert(Array)
#6 C:\\laragon\\www\\shortzz_backend\\vendor\\laravel\\framework\\src\\Illuminate\\Container\\BoundMethod.php(36): Database\\Seeders\\AdminUserSeeder->run()
#7 C:\\laragon\\www\\shortzz_backend\\vendor\\laravel\\framework\\src\\Illuminate\\Container\\Util.php(41): Illuminate\\Container\\BoundMethod::Illuminate\\Container\\{closure}()
#8 C:\\laragon\\www\\shortzz_backend\\vendor\\laravel\\framework\\src\\Illuminate\\Container\\BoundMethod.php(93): Illuminate\\Container\\Util::unwrapIfClosure(Object(Closure))
#9 C:\\laragon\\www\\shortzz_backend\\vendor\\laravel\\framework\\src\\Illuminate\\Container\\BoundMethod.php(35): Illuminate\\Container\\BoundMethod::callBoundMethod(Object(Illuminate\\Foundation\\Application), Array, Object(Closure))
#10 C:\\laragon\\www\\shortzz_backend\\vendor\\laravel\\framework\\src\\Illuminate\\Container\\Container.php(662): Illuminate\\Container\\BoundMethod::call(Object(Illuminate\\Foundation\\Application), Array, Array, NULL)
#11 C:\\laragon\\www\\shortzz_backend\\vendor\\laravel\\framework\\src\\Illuminate\\Database\\Seeder.php(184): Illuminate\\Container\\Container->call(Array, Array)
#12 C:\\laragon\\www\\shortzz_backend\\vendor\\laravel\\framework\\src\\Illuminate\\Database\\Seeder.php(193): Illuminate\\Database\\Seeder->Illuminate\\Database\\{closure}()
#13 C:\\laragon\\www\\shortzz_backend\\vendor\\laravel\\framework\\src\\Illuminate\\Database\\Console\\Seeds\\SeedCommand.php(70): Illuminate\\Database\\Seeder->__invoke()
#14 C:\\laragon\\www\\shortzz_backend\\vendor\\laravel\\framework\\src\\Illuminate\\Database\\Eloquent\\Concerns\\GuardsAttributes.php(155): Illuminate\\Database\\Console\\Seeds\\SeedCommand->Illuminate\\Database\\Console\\Seeds\\{closure}()
#15 C:\\laragon\\www\\shortzz_backend\\vendor\\laravel\\framework\\src\\Illuminate\\Database\\Console\\Seeds\\SeedCommand.php(69): Illuminate\\Database\\Eloquent\\Model::unguarded(Object(Closure))
#16 C:\\laragon\\www\\shortzz_backend\\vendor\\laravel\\framework\\src\\Illuminate\\Container\\BoundMethod.php(36): Illuminate\\Database\\Console\\Seeds\\SeedCommand->handle()
#17 C:\\laragon\\www\\shortzz_backend\\vendor\\laravel\\framework\\src\\Illuminate\\Container\\Util.php(41): Illuminate\\Container\\BoundMethod::Illuminate\\Container\\{closure}()
#18 C:\\laragon\\www\\shortzz_backend\\vendor\\laravel\\framework\\src\\Illuminate\\Container\\BoundMethod.php(93): Illuminate\\Container\\Util::unwrapIfClosure(Object(Closure))
#19 C:\\laragon\\www\\shortzz_backend\\vendor\\laravel\\framework\\src\\Illuminate\\Container\\BoundMethod.php(35): Illuminate\\Container\\BoundMethod::callBoundMethod(Object(Illuminate\\Foundation\\Application), Array, Object(Closure))
#20 C:\\laragon\\www\\shortzz_backend\\vendor\\laravel\\framework\\src\\Illuminate\\Container\\Container.php(662): Illuminate\\Container\\BoundMethod::call(Object(Illuminate\\Foundation\\Application), Array, Array, NULL)
#21 C:\\laragon\\www\\shortzz_backend\\vendor\\laravel\\framework\\src\\Illuminate\\Console\\Command.php(211): Illuminate\\Container\\Container->call(Array)
#22 C:\\laragon\\www\\shortzz_backend\\vendor\\symfony\\console\\Command\\Command.php(326): Illuminate\\Console\\Command->execute(Object(Symfony\\Component\\Console\\Input\\ArgvInput), Object(Illuminate\\Console\\OutputStyle))
#23 C:\\laragon\\www\\shortzz_backend\\vendor\\laravel\\framework\\src\\Illuminate\\Console\\Command.php(180): Symfony\\Component\\Console\\Command\\Command->run(Object(Symfony\\Component\\Console\\Input\\ArgvInput), Object(Illuminate\\Console\\OutputStyle))
#24 C:\\laragon\\www\\shortzz_backend\\vendor\\symfony\\console\\Application.php(1096): Illuminate\\Console\\Command->run(Object(Symfony\\Component\\Console\\Input\\ArgvInput), Object(Symfony\\Component\\Console\\Output\\ConsoleOutput))
#25 C:\\laragon\\www\\shortzz_backend\\vendor\\symfony\\console\\Application.php(324): Symfony\\Component\\Console\\Application->doRunCommand(Object(Illuminate\\Database\\Console\\Seeds\\SeedCommand), Object(Symfony\\Component\\Console\\Input\\ArgvInput), Object(Symfony\\Component\\Console\\Output\\ConsoleOutput))
#26 C:\\laragon\\www\\shortzz_backend\\vendor\\symfony\\console\\Application.php(175): Symfony\\Component\\Console\\Application->doRun(Object(Symfony\\Component\\Console\\Input\\ArgvInput), Object(Symfony\\Component\\Console\\Output\\ConsoleOutput))
#27 C:\\laragon\\www\\shortzz_backend\\vendor\\laravel\\framework\\src\\Illuminate\\Foundation\\Console\\Kernel.php(201): Symfony\\Component\\Console\\Application->run(Object(Symfony\\Component\\Console\\Input\\ArgvInput), Object(Symfony\\Component\\Console\\Output\\ConsoleOutput))
#28 C:\\laragon\\www\\shortzz_backend\\artisan(35): Illuminate\\Foundation\\Console\\Kernel->handle(Object(Symfony\\Component\\Console\\Input\\ArgvInput), Object(Symfony\\Component\\Console\\Output\\ConsoleOutput))
#29 {main}
"} 
[2026-01-19 23:31:18] local.ERROR: SQLSTATE[HY000]: General error: 1364 Field 'admin_profile' doesn't have a default value (Connection: mysql, SQL: insert into `tbl_admin` (`admin_name`, `admin_username`, `admin_password`, `user_type`) values (Administrator, admin, eyJpdiI6IjRBa3hJbXFOQ251WHROcjVMSDhnRGc9PSIsInZhbHVlIjoiZ3FWZkpxdTdtVEJjRFhneUtIVkJ3Zz09IiwibWFjIjoiNGM5OGU3NWRkOWY1ZDY2YWM1N2IwYTAyZmZlZDgzNzlmMjE4YjE3NjJiY2YzMTBmYmM0M2VhN2Y5MDhhYmIwYyIsInRhZyI6IiJ9, 1)) {"exception":"[object] (Illuminate\\Database\\QueryException(code: HY000): SQLSTATE[HY000]: General error: 1364 Field 'admin_profile' doesn't have a default value (Connection: mysql, SQL: insert into `tbl_admin` (`admin_name`, `admin_username`, `admin_password`, `user_type`) values (Administrator, admin, eyJpdiI6IjRBa3hJbXFOQ251WHROcjVMSDhnRGc9PSIsInZhbHVlIjoiZ3FWZkpxdTdtVEJjRFhneUtIVkJ3Zz09IiwibWFjIjoiNGM5OGU3NWRkOWY1ZDY2YWM1N2IwYTAyZmZlZDgzNzlmMjE4YjE3NjJiY2YzMTBmYmM0M2VhN2Y5MDhhYmIwYyIsInRhZyI6IiJ9, 1)) at C:\\laragon\\www\\shortzz_backend\\vendor\\laravel\\framework\\src\\Illuminate\\Database\\Connection.php:829)
[stacktrace]
#0 C:\\laragon\\www\\shortzz_backend\\vendor\\laravel\\framework\\src\\Illuminate\\Database\\Connection.php(783): Illuminate\\Database\\Connection->runQueryCallback('insert into `tb...', Array, Object(Closure))
#1 C:\\laragon\\www\\shortzz_backend\\vendor\\laravel\\framework\\src\\Illuminate\\Database\\MySqlConnection.php(34): Illuminate\\Database\\Connection->run('insert into `tb...', Array, Object(Closure))
#2 C:\\laragon\\www\\shortzz_backend\\vendor\\laravel\\framework\\src\\Illuminate\\Database\\Query\\Builder.php(3498): Illuminate\\Database\\MySqlConnection->insert('insert into `tb...', Array)
#3 C:\\laragon\\www\\shortzz_backend\\database\\seeders\\AdminUserSeeder.php(24): Illuminate\\Database\\Query\\Builder->insert(Array)
#4 C:\\laragon\\www\\shortzz_backend\\vendor\\laravel\\framework\\src\\Illuminate\\Container\\BoundMethod.php(36): Database\\Seeders\\AdminUserSeeder->run()
#5 C:\\laragon\\www\\shortzz_backend\\vendor\\laravel\\framework\\src\\Illuminate\\Container\\Util.php(41): Illuminate\\Container\\BoundMethod::Illuminate\\Container\\{closure}()
#6 C:\\laragon\\www\\shortzz_backend\\vendor\\laravel\\framework\\src\\Illuminate\\Container\\BoundMethod.php(93): Illuminate\\Container\\Util::unwrapIfClosure(Object(Closure))
#7 C:\\laragon\\www\\shortzz_backend\\vendor\\laravel\\framework\\src\\Illuminate\\Container\\BoundMethod.php(35): Illuminate\\Container\\BoundMethod::callBoundMethod(Object(Illuminate\\Foundation\\Application), Array, Object(Closure))
#8 C:\\laragon\\www\\shortzz_backend\\vendor\\laravel\\framework\\src\\Illuminate\\Container\\Container.php(662): Illuminate\\Container\\BoundMethod::call(Object(Illuminate\\Foundation\\Application), Array, Array, NULL)
#9 C:\\laragon\\www\\shortzz_backend\\vendor\\laravel\\framework\\src\\Illuminate\\Database\\Seeder.php(184): Illuminate\\Container\\Container->call(Array, Array)
#10 C:\\laragon\\www\\shortzz_backend\\vendor\\laravel\\framework\\src\\Illuminate\\Database\\Seeder.php(193): Illuminate\\Database\\Seeder->Illuminate\\Database\\{closure}()
#11 C:\\laragon\\www\\shortzz_backend\\vendor\\laravel\\framework\\src\\Illuminate\\Database\\Console\\Seeds\\SeedCommand.php(70): Illuminate\\Database\\Seeder->__invoke()
#12 C:\\laragon\\www\\shortzz_backend\\vendor\\laravel\\framework\\src\\Illuminate\\Database\\Eloquent\\Concerns\\GuardsAttributes.php(155): Illuminate\\Database\\Console\\Seeds\\SeedCommand->Illuminate\\Database\\Console\\Seeds\\{closure}()
#13 C:\\laragon\\www\\shortzz_backend\\vendor\\laravel\\framework\\src\\Illuminate\\Database\\Console\\Seeds\\SeedCommand.php(69): Illuminate\\Database\\Eloquent\\Model::unguarded(Object(Closure))
#14 C:\\laragon\\www\\shortzz_backend\\vendor\\laravel\\framework\\src\\Illuminate\\Container\\BoundMethod.php(36): Illuminate\\Database\\Console\\Seeds\\SeedCommand->handle()
#15 C:\\laragon\\www\\shortzz_backend\\vendor\\laravel\\framework\\src\\Illuminate\\Container\\Util.php(41): Illuminate\\Container\\BoundMethod::Illuminate\\Container\\{closure}()
#16 C:\\laragon\\www\\shortzz_backend\\vendor\\laravel\\framework\\src\\Illuminate\\Container\\BoundMethod.php(93): Illuminate\\Container\\Util::unwrapIfClosure(Object(Closure))
#17 C:\\laragon\\www\\shortzz_backend\\vendor\\laravel\\framework\\src\\Illuminate\\Container\\BoundMethod.php(35): Illuminate\\Container\\BoundMethod::callBoundMethod(Object(Illuminate\\Foundation\\Application), Array, Object(Closure))
#18 C:\\laragon\\www\\shortzz_backend\\vendor\\laravel\\framework\\src\\Illuminate\\Container\\Container.php(662): Illuminate\\Container\\BoundMethod::call(Object(Illuminate\\Foundation\\Application), Array, Array, NULL)
#19 C:\\laragon\\www\\shortzz_backend\\vendor\\laravel\\framework\\src\\Illuminate\\Console\\Command.php(211): Illuminate\\Container\\Container->call(Array)
#20 C:\\laragon\\www\\shortzz_backend\\vendor\\symfony\\console\\Command\\Command.php(326): Illuminate\\Console\\Command->execute(Object(Symfony\\Component\\Console\\Input\\ArgvInput), Object(Illuminate\\Console\\OutputStyle))
#21 C:\\laragon\\www\\shortzz_backend\\vendor\\laravel\\framework\\src\\Illuminate\\Console\\Command.php(180): Symfony\\Component\\Console\\Command\\Command->run(Object(Symfony\\Component\\Console\\Input\\ArgvInput), Object(Illuminate\\Console\\OutputStyle))
#22 C:\\laragon\\www\\shortzz_backend\\vendor\\symfony\\console\\Application.php(1096): Illuminate\\Console\\Command->run(Object(Symfony\\Component\\Console\\Input\\ArgvInput), Object(Symfony\\Component\\Console\\Output\\ConsoleOutput))
#23 C:\\laragon\\www\\shortzz_backend\\vendor\\symfony\\console\\Application.php(324): Symfony\\Component\\Console\\Application->doRunCommand(Object(Illuminate\\Database\\Console\\Seeds\\SeedCommand), Object(Symfony\\Component\\Console\\Input\\ArgvInput), Object(Symfony\\Component\\Console\\Output\\ConsoleOutput))
#24 C:\\laragon\\www\\shortzz_backend\\vendor\\symfony\\console\\Application.php(175): Symfony\\Component\\Console\\Application->doRun(Object(Symfony\\Component\\Console\\Input\\ArgvInput), Object(Symfony\\Component\\Console\\Output\\ConsoleOutput))
#25 C:\\laragon\\www\\shortzz_backend\\vendor\\laravel\\framework\\src\\Illuminate\\Foundation\\Console\\Kernel.php(201): Symfony\\Component\\Console\\Application->run(Object(Symfony\\Component\\Console\\Input\\ArgvInput), Object(Symfony\\Component\\Console\\Output\\ConsoleOutput))
#26 C:\\laragon\\www\\shortzz_backend\\artisan(35): Illuminate\\Foundation\\Console\\Kernel->handle(Object(Symfony\\Component\\Console\\Input\\ArgvInput), Object(Symfony\\Component\\Console\\Output\\ConsoleOutput))
#27 {main}

[previous exception] [object] (PDOException(code: HY000): SQLSTATE[HY000]: General error: 1364 Field 'admin_profile' doesn't have a default value at C:\\laragon\\www\\shortzz_backend\\vendor\\laravel\\framework\\src\\Illuminate\\Database\\MySqlConnection.php:45)
[stacktrace]
#0 C:\\laragon\\www\\shortzz_backend\\vendor\\laravel\\framework\\src\\Illuminate\\Database\\MySqlConnection.php(45): PDOStatement->execute()
#1 C:\\laragon\\www\\shortzz_backend\\vendor\\laravel\\framework\\src\\Illuminate\\Database\\Connection.php(816): Illuminate\\Database\\MySqlConnection->Illuminate\\Database\\{closure}('insert into `tb...', Array)
#2 C:\\laragon\\www\\shortzz_backend\\vendor\\laravel\\framework\\src\\Illuminate\\Database\\Connection.php(783): Illuminate\\Database\\Connection->runQueryCallback('insert into `tb...', Array, Object(Closure))
#3 C:\\laragon\\www\\shortzz_backend\\vendor\\laravel\\framework\\src\\Illuminate\\Database\\MySqlConnection.php(34): Illuminate\\Database\\Connection->run('insert into `tb...', Array, Object(Closure))
#4 C:\\laragon\\www\\shortzz_backend\\vendor\\laravel\\framework\\src\\Illuminate\\Database\\Query\\Builder.php(3498): Illuminate\\Database\\MySqlConnection->insert('insert into `tb...', Array)
#5 C:\\laragon\\www\\shortzz_backend\\database\\seeders\\AdminUserSeeder.php(24): Illuminate\\Database\\Query\\Builder->insert(Array)
#6 C:\\laragon\\www\\shortzz_backend\\vendor\\laravel\\framework\\src\\Illuminate\\Container\\BoundMethod.php(36): Database\\Seeders\\AdminUserSeeder->run()
#7 C:\\laragon\\www\\shortzz_backend\\vendor\\laravel\\framework\\src\\Illuminate\\Container\\Util.php(41): Illuminate\\Container\\BoundMethod::Illuminate\\Container\\{closure}()
#8 C:\\laragon\\www\\shortzz_backend\\vendor\\laravel\\framework\\src\\Illuminate\\Container\\BoundMethod.php(93): Illuminate\\Container\\Util::unwrapIfClosure(Object(Closure))
#9 C:\\laragon\\www\\shortzz_backend\\vendor\\laravel\\framework\\src\\Illuminate\\Container\\BoundMethod.php(35): Illuminate\\Container\\BoundMethod::callBoundMethod(Object(Illuminate\\Foundation\\Application), Array, Object(Closure))
#10 C:\\laragon\\www\\shortzz_backend\\vendor\\laravel\\framework\\src\\Illuminate\\Container\\Container.php(662): Illuminate\\Container\\BoundMethod::call(Object(Illuminate\\Foundation\\Application), Array, Array, NULL)
#11 C:\\laragon\\www\\shortzz_backend\\vendor\\laravel\\framework\\src\\Illuminate\\Database\\Seeder.php(184): Illuminate\\Container\\Container->call(Array, Array)
#12 C:\\laragon\\www\\shortzz_backend\\vendor\\laravel\\framework\\src\\Illuminate\\Database\\Seeder.php(193): Illuminate\\Database\\Seeder->Illuminate\\Database\\{closure}()
#13 C:\\laragon\\www\\shortzz_backend\\vendor\\laravel\\framework\\src\\Illuminate\\Database\\Console\\Seeds\\SeedCommand.php(70): Illuminate\\Database\\Seeder->__invoke()
#14 C:\\laragon\\www\\shortzz_backend\\vendor\\laravel\\framework\\src\\Illuminate\\Database\\Eloquent\\Concerns\\GuardsAttributes.php(155): Illuminate\\Database\\Console\\Seeds\\SeedCommand->Illuminate\\Database\\Console\\Seeds\\{closure}()
#15 C:\\laragon\\www\\shortzz_backend\\vendor\\laravel\\framework\\src\\Illuminate\\Database\\Console\\Seeds\\SeedCommand.php(69): Illuminate\\Database\\Eloquent\\Model::unguarded(Object(Closure))
#16 C:\\laragon\\www\\shortzz_backend\\vendor\\laravel\\framework\\src\\Illuminate\\Container\\BoundMethod.php(36): Illuminate\\Database\\Console\\Seeds\\SeedCommand->handle()
#17 C:\\laragon\\www\\shortzz_backend\\vendor\\laravel\\framework\\src\\Illuminate\\Container\\Util.php(41): Illuminate\\Container\\BoundMethod::Illuminate\\Container\\{closure}()
#18 C:\\laragon\\www\\shortzz_backend\\vendor\\laravel\\framework\\src\\Illuminate\\Container\\BoundMethod.php(93): Illuminate\\Container\\Util::unwrapIfClosure(Object(Closure))
#19 C:\\laragon\\www\\shortzz_backend\\vendor\\laravel\\framework\\src\\Illuminate\\Container\\BoundMethod.php(35): Illuminate\\Container\\BoundMethod::callBoundMethod(Object(Illuminate\\Foundation\\Application), Array, Object(Closure))
#20 C:\\laragon\\www\\shortzz_backend\\vendor\\laravel\\framework\\src\\Illuminate\\Container\\Container.php(662): Illuminate\\Container\\BoundMethod::call(Object(Illuminate\\Foundation\\Application), Array, Array, NULL)
#21 C:\\laragon\\www\\shortzz_backend\\vendor\\laravel\\framework\\src\\Illuminate\\Console\\Command.php(211): Illuminate\\Container\\Container->call(Array)
#22 C:\\laragon\\www\\shortzz_backend\\vendor\\symfony\\console\\Command\\Command.php(326): Illuminate\\Console\\Command->execute(Object(Symfony\\Component\\Console\\Input\\ArgvInput), Object(Illuminate\\Console\\OutputStyle))
#23 C:\\laragon\\www\\shortzz_backend\\vendor\\laravel\\framework\\src\\Illuminate\\Console\\Command.php(180): Symfony\\Component\\Console\\Command\\Command->run(Object(Symfony\\Component\\Console\\Input\\ArgvInput), Object(Illuminate\\Console\\OutputStyle))
#24 C:\\laragon\\www\\shortzz_backend\\vendor\\symfony\\console\\Application.php(1096): Illuminate\\Console\\Command->run(Object(Symfony\\Component\\Console\\Input\\ArgvInput), Object(Symfony\\Component\\Console\\Output\\ConsoleOutput))
#25 C:\\laragon\\www\\shortzz_backend\\vendor\\symfony\\console\\Application.php(324): Symfony\\Component\\Console\\Application->doRunCommand(Object(Illuminate\\Database\\Console\\Seeds\\SeedCommand), Object(Symfony\\Component\\Console\\Input\\ArgvInput), Object(Symfony\\Component\\Console\\Output\\ConsoleOutput))
#26 C:\\laragon\\www\\shortzz_backend\\vendor\\symfony\\console\\Application.php(175): Symfony\\Component\\Console\\Application->doRun(Object(Symfony\\Component\\Console\\Input\\ArgvInput), Object(Symfony\\Component\\Console\\Output\\ConsoleOutput))
#27 C:\\laragon\\www\\shortzz_backend\\vendor\\laravel\\framework\\src\\Illuminate\\Foundation\\Console\\Kernel.php(201): Symfony\\Component\\Console\\Application->run(Object(Symfony\\Component\\Console\\Input\\ArgvInput), Object(Symfony\\Component\\Console\\Output\\ConsoleOutput))
#28 C:\\laragon\\www\\shortzz_backend\\artisan(35): Illuminate\\Foundation\\Console\\Kernel->handle(Object(Symfony\\Component\\Console\\Input\\ArgvInput), Object(Symfony\\Component\\Console\\Output\\ConsoleOutput))
#29 {main}
"} 
[2026-01-19 23:44:29] local.ERROR: cURL error 60: SSL certificate problem: unable to get local issuer certificate (see https://curl.haxx.se/libcurl/c/libcurl-errors.html) for https://fcm.googleapis.com/v1/projects/dummy-project-id/messages:send {"exception":"[object] (GuzzleHttp\\Exception\\RequestException(code: 0): cURL error 60: SSL certificate problem: unable to get local issuer certificate (see https://curl.haxx.se/libcurl/c/libcurl-errors.html) for https://fcm.googleapis.com/v1/projects/dummy-project-id/messages:send at C:\\laragon\\www\\shortzz_backend\\vendor\\guzzlehttp\\guzzle\\src\\Handler\\CurlFactory.php:276)
[stacktrace]
#0 C:\\laragon\\www\\shortzz_backend\\vendor\\guzzlehttp\\guzzle\\src\\Handler\\CurlFactory.php(205): GuzzleHttp\\Handler\\CurlFactory::createRejection(Object(GuzzleHttp\\Handler\\EasyHandle), Array)
#1 C:\\laragon\\www\\shortzz_backend\\vendor\\guzzlehttp\\guzzle\\src\\Handler\\CurlFactory.php(157): GuzzleHttp\\Handler\\CurlFactory::finishError(Object(GuzzleHttp\\Handler\\CurlHandler), Object(GuzzleHttp\\Handler\\EasyHandle), Object(GuzzleHttp\\Handler\\CurlFactory))
#2 C:\\laragon\\www\\shortzz_backend\\vendor\\guzzlehttp\\guzzle\\src\\Handler\\CurlHandler.php(47): GuzzleHttp\\Handler\\CurlFactory::finish(Object(GuzzleHttp\\Handler\\CurlHandler), Object(GuzzleHttp\\Handler\\EasyHandle), Object(GuzzleHttp\\Handler\\CurlFactory))
#3 C:\\laragon\\www\\shortzz_backend\\vendor\\guzzlehttp\\guzzle\\src\\Handler\\Proxy.php(28): GuzzleHttp\\Handler\\CurlHandler->__invoke(Object(GuzzleHttp\\Psr7\\Request), Array)
#4 C:\\laragon\\www\\shortzz_backend\\vendor\\guzzlehttp\\guzzle\\src\\Handler\\Proxy.php(48): GuzzleHttp\\Handler\\Proxy::GuzzleHttp\\Handler\\{closure}(Object(GuzzleHttp\\Psr7\\Request), Array)
#5 C:\\laragon\\www\\shortzz_backend\\vendor\\laravel\\framework\\src\\Illuminate\\Http\\Client\\PendingRequest.php(1256): GuzzleHttp\\Handler\\Proxy::GuzzleHttp\\Handler\\{closure}(Object(GuzzleHttp\\Psr7\\Request), Array)
#6 C:\\laragon\\www\\shortzz_backend\\vendor\\laravel\\framework\\src\\Illuminate\\Http\\Client\\PendingRequest.php(1222): Illuminate\\Http\\Client\\PendingRequest->Illuminate\\Http\\Client\\{closure}(Object(GuzzleHttp\\Psr7\\Request), Array)
#7 C:\\laragon\\www\\shortzz_backend\\vendor\\laravel\\framework\\src\\Illuminate\\Http\\Client\\PendingRequest.php(1208): Illuminate\\Http\\Client\\PendingRequest->Illuminate\\Http\\Client\\{closure}(Object(GuzzleHttp\\Psr7\\Request), Array)
#8 C:\\laragon\\www\\shortzz_backend\\vendor\\guzzlehttp\\guzzle\\src\\PrepareBodyMiddleware.php(64): Illuminate\\Http\\Client\\PendingRequest->Illuminate\\Http\\Client\\{closure}(Object(GuzzleHttp\\Psr7\\Request), Array)
#9 C:\\laragon\\www\\shortzz_backend\\vendor\\guzzlehttp\\guzzle\\src\\Middleware.php(38): GuzzleHttp\\PrepareBodyMiddleware->__invoke(Object(GuzzleHttp\\Psr7\\Request), Array)
#10 C:\\laragon\\www\\shortzz_backend\\vendor\\guzzlehttp\\guzzle\\src\\RedirectMiddleware.php(71): GuzzleHttp\\Middleware::GuzzleHttp\\{closure}(Object(GuzzleHttp\\Psr7\\Request), Array)
#11 C:\\laragon\\www\\shortzz_backend\\vendor\\guzzlehttp\\guzzle\\src\\Middleware.php(63): GuzzleHttp\\RedirectMiddleware->__invoke(Object(GuzzleHttp\\Psr7\\Request), Array)
#12 C:\\laragon\\www\\shortzz_backend\\vendor\\guzzlehttp\\guzzle\\src\\HandlerStack.php(75): GuzzleHttp\\Middleware::GuzzleHttp\\{closure}(Object(GuzzleHttp\\Psr7\\Request), Array)
#13 C:\\laragon\\www\\shortzz_backend\\vendor\\guzzlehttp\\guzzle\\src\\Client.php(333): GuzzleHttp\\HandlerStack->__invoke(Object(GuzzleHttp\\Psr7\\Request), Array)
#14 C:\\laragon\\www\\shortzz_backend\\vendor\\guzzlehttp\\guzzle\\src\\Client.php(169): GuzzleHttp\\Client->transfer(Object(GuzzleHttp\\Psr7\\Request), Array)
#15 C:\\laragon\\www\\shortzz_backend\\vendor\\guzzlehttp\\guzzle\\src\\Client.php(189): GuzzleHttp\\Client->requestAsync('POST', Object(GuzzleHttp\\Psr7\\Uri), Array)
#16 C:\\laragon\\www\\shortzz_backend\\vendor\\laravel\\framework\\src\\Illuminate\\Http\\Client\\PendingRequest.php(1053): GuzzleHttp\\Client->request('POST', 'https://fcm.goo...', Array)
#17 C:\\laragon\\www\\shortzz_backend\\vendor\\laravel\\framework\\src\\Illuminate\\Http\\Client\\PendingRequest.php(894): Illuminate\\Http\\Client\\PendingRequest->sendRequest('POST', 'https://fcm.goo...', Array)
#18 C:\\laragon\\www\\shortzz_backend\\vendor\\laravel\\framework\\src\\Illuminate\\Support\\helpers.php(248): Illuminate\\Http\\Client\\PendingRequest->Illuminate\\Http\\Client\\{closure}(1)
#19 C:\\laragon\\www\\shortzz_backend\\vendor\\laravel\\framework\\src\\Illuminate\\Http\\Client\\PendingRequest.php(892): retry(0, Object(Closure), 100, Object(Closure))
#20 C:\\laragon\\www\\shortzz_backend\\vendor\\laravel\\framework\\src\\Illuminate\\Http\\Client\\PendingRequest.php(798): Illuminate\\Http\\Client\\PendingRequest->send('POST', 'https://fcm.goo...', Array)
#21 C:\\laragon\\www\\shortzz_backend\\app\\Models\\GlobalFunction.php(264): Illuminate\\Http\\Client\\PendingRequest->post('https://fcm.goo...', Array)
#22 C:\\laragon\\www\\shortzz_backend\\app\\Http\\Controllers\\NotificationController.php(126): App\\Models\\GlobalFunction::sendPushNotification(Array)
#23 C:\\laragon\\www\\shortzz_backend\\vendor\\laravel\\framework\\src\\Illuminate\\Routing\\Controller.php(54): App\\Http\\Controllers\\NotificationController->addAdminNotification(Object(Illuminate\\Http\\Request))
#24 C:\\laragon\\www\\shortzz_backend\\vendor\\laravel\\framework\\src\\Illuminate\\Routing\\ControllerDispatcher.php(43): Illuminate\\Routing\\Controller->callAction('addAdminNotific...', Array)
#25 C:\\laragon\\www\\shortzz_backend\\vendor\\laravel\\framework\\src\\Illuminate\\Routing\\Route.php(259): Illuminate\\Routing\\ControllerDispatcher->dispatch(Object(Illuminate\\Routing\\Route), Object(App\\Http\\Controllers\\NotificationController), 'addAdminNotific...')
#26 C:\\laragon\\www\\shortzz_backend\\vendor\\laravel\\framework\\src\\Illuminate\\Routing\\Route.php(205): Illuminate\\Routing\\Route->runController()
#27 C:\\laragon\\www\\shortzz_backend\\vendor\\laravel\\framework\\src\\Illuminate\\Routing\\Router.php(806): Illuminate\\Routing\\Route->run()
#28 C:\\laragon\\www\\shortzz_backend\\vendor\\laravel\\framework\\src\\Illuminate\\Pipeline\\Pipeline.php(144): Illuminate\\Routing\\Router->Illuminate\\Routing\\{closure}(Object(Illuminate\\Http\\Request))
#29 C:\\laragon\\www\\shortzz_backend\\app\\Http\\Middleware\\CheckLogin.php(29): Illuminate\\Pipeline\\Pipeline->Illuminate\\Pipeline\\{closure}(Object(Illuminate\\Http\\Request))
#30 C:\\laragon\\www\\shortzz_backend\\vendor\\laravel\\framework\\src\\Illuminate\\Pipeline\\Pipeline.php(183): App\\Http\\Middleware\\CheckLogin->handle(Object(Illuminate\\Http\\Request), Object(Closure))
#31 C:\\laragon\\www\\shortzz_backend\\vendor\\laravel\\framework\\src\\Illuminate\\Routing\\Middleware\\SubstituteBindings.php(50): Illuminate\\Pipeline\\Pipeline->Illuminate\\Pipeline\\{closure}(Object(Illuminate\\Http\\Request))
#32 C:\\laragon\\www\\shortzz_backend\\vendor\\laravel\\framework\\src\\Illuminate\\Pipeline\\Pipeline.php(183): Illuminate\\Routing\\Middleware\\SubstituteBindings->handle(Object(Illuminate\\Http\\Request), Object(Closure))
#33 C:\\laragon\\www\\shortzz_backend\\vendor\\laravel\\framework\\src\\Illuminate\\Foundation\\Http\\Middleware\\VerifyCsrfToken.php(78): Illuminate\\Pipeline\\Pipeline->Illuminate\\Pipeline\\{closure}(Object(Illuminate\\Http\\Request))
#34 C:\\laragon\\www\\shortzz_backend\\vendor\\laravel\\framework\\src\\Illuminate\\Pipeline\\Pipeline.php(183): Illuminate\\Foundation\\Http\\Middleware\\VerifyCsrfToken->handle(Object(Illuminate\\Http\\Request), Object(Closure))
#35 C:\\laragon\\www\\shortzz_backend\\vendor\\laravel\\framework\\src\\Illuminate\\View\\Middleware\\ShareErrorsFromSession.php(49): Illuminate\\Pipeline\\Pipeline->Illuminate\\Pipeline\\{closure}(Object(Illuminate\\Http\\Request))
#36 C:\\laragon\\www\\shortzz_backend\\vendor\\laravel\\framework\\src\\Illuminate\\Pipeline\\Pipeline.php(183): Illuminate\\View\\Middleware\\ShareErrorsFromSession->handle(Object(Illuminate\\Http\\Request), Object(Closure))
#37 C:\\laragon\\www\\shortzz_backend\\vendor\\laravel\\framework\\src\\Illuminate\\Session\\Middleware\\StartSession.php(121): Illuminate\\Pipeline\\Pipeline->Illuminate\\Pipeline\\{closure}(Object(Illuminate\\Http\\Request))
#38 C:\\laragon\\www\\shortzz_backend\\vendor\\laravel\\framework\\src\\Illuminate\\Session\\Middleware\\StartSession.php(64): Illuminate\\Session\\Middleware\\StartSession->handleStatefulRequest(Object(Illuminate\\Http\\Request), Object(Illuminate\\Session\\Store), Object(Closure))
#39 C:\\laragon\\www\\shortzz_backend\\vendor\\laravel\\framework\\src\\Illuminate\\Pipeline\\Pipeline.php(183): Illuminate\\Session\\Middleware\\StartSession->handle(Object(Illuminate\\Http\\Request), Object(Closure))
#40 C:\\laragon\\www\\shortzz_backend\\vendor\\laravel\\framework\\src\\Illuminate\\Cookie\\Middleware\\AddQueuedCookiesToResponse.php(37): Illuminate\\Pipeline\\Pipeline->Illuminate\\Pipeline\\{closure}(Object(Illuminate\\Http\\Request))
#41 C:\\laragon\\www\\shortzz_backend\\vendor\\laravel\\framework\\src\\Illuminate\\Pipeline\\Pipeline.php(183): Illuminate\\Cookie\\Middleware\\AddQueuedCookiesToResponse->handle(Object(Illuminate\\Http\\Request), Object(Closure))
#42 C:\\laragon\\www\\shortzz_backend\\vendor\\laravel\\framework\\src\\Illuminate\\Cookie\\Middleware\\EncryptCookies.php(67): Illuminate\\Pipeline\\Pipeline->Illuminate\\Pipeline\\{closure}(Object(Illuminate\\Http\\Request))
#43 C:\\laragon\\www\\shortzz_backend\\vendor\\laravel\\framework\\src\\Illuminate\\Pipeline\\Pipeline.php(183): Illuminate\\Cookie\\Middleware\\EncryptCookies->handle(Object(Illuminate\\Http\\Request), Object(Closure))
#44 C:\\laragon\\www\\shortzz_backend\\vendor\\laravel\\framework\\src\\Illuminate\\Pipeline\\Pipeline.php(119): Illuminate\\Pipeline\\Pipeline->Illuminate\\Pipeline\\{closure}(Object(Illuminate\\Http\\Request))
#45 C:\\laragon\\www\\shortzz_backend\\vendor\\laravel\\framework\\src\\Illuminate\\Routing\\Router.php(805): Illuminate\\Pipeline\\Pipeline->then(Object(Closure))
#46 C:\\laragon\\www\\shortzz_backend\\vendor\\laravel\\framework\\src\\Illuminate\\Routing\\Router.php(784): Illuminate\\Routing\\Router->runRouteWithinStack(Object(Illuminate\\Routing\\Route), Object(Illuminate\\Http\\Request))
#47 C:\\laragon\\www\\shortzz_backend\\vendor\\laravel\\framework\\src\\Illuminate\\Routing\\Router.php(748): Illuminate\\Routing\\Router->runRoute(Object(Illuminate\\Http\\Request), Object(Illuminate\\Routing\\Route))
#48 C:\\laragon\\www\\shortzz_backend\\vendor\\laravel\\framework\\src\\Illuminate\\Routing\\Router.php(737): Illuminate\\Routing\\Router->dispatchToRoute(Object(Illuminate\\Http\\Request))
#49 C:\\laragon\\www\\shortzz_backend\\vendor\\laravel\\framework\\src\\Illuminate\\Foundation\\Http\\Kernel.php(200): Illuminate\\Routing\\Router->dispatch(Object(Illuminate\\Http\\Request))
#50 C:\\laragon\\www\\shortzz_backend\\vendor\\laravel\\framework\\src\\Illuminate\\Pipeline\\Pipeline.php(144): Illuminate\\Foundation\\Http\\Kernel->Illuminate\\Foundation\\Http\\{closure}(Object(Illuminate\\Http\\Request))
#51 C:\\laragon\\www\\shortzz_backend\\vendor\\laravel\\framework\\src\\Illuminate\\Foundation\\Http\\Middleware\\TransformsRequest.php(21): Illuminate\\Pipeline\\Pipeline->Illuminate\\Pipeline\\{closure}(Object(Illuminate\\Http\\Request))
#52 C:\\laragon\\www\\shortzz_backend\\vendor\\laravel\\framework\\src\\Illuminate\\Foundation\\Http\\Middleware\\ConvertEmptyStringsToNull.php(31): Illuminate\\Foundation\\Http\\Middleware\\TransformsRequest->handle(Object(Illuminate\\Http\\Request), Object(Closure))
#53 C:\\laragon\\www\\shortzz_backend\\vendor\\laravel\\framework\\src\\Illuminate\\Pipeline\\Pipeline.php(183): Illuminate\\Foundation\\Http\\Middleware\\ConvertEmptyStringsToNull->handle(Object(Illuminate\\Http\\Request), Object(Closure))
#54 C:\\laragon\\www\\shortzz_backend\\vendor\\laravel\\framework\\src\\Illuminate\\Foundation\\Http\\Middleware\\TransformsRequest.php(21): Illuminate\\Pipeline\\Pipeline->Illuminate\\Pipeline\\{closure}(Object(Illuminate\\Http\\Request))
#55 C:\\laragon\\www\\shortzz_backend\\vendor\\laravel\\framework\\src\\Illuminate\\Foundation\\Http\\Middleware\\TrimStrings.php(40): Illuminate\\Foundation\\Http\\Middleware\\TransformsRequest->handle(Object(Illuminate\\Http\\Request), Object(Closure))
#56 C:\\laragon\\www\\shortzz_backend\\vendor\\laravel\\framework\\src\\Illuminate\\Pipeline\\Pipeline.php(183): Illuminate\\Foundation\\Http\\Middleware\\TrimStrings->handle(Object(Illuminate\\Http\\Request), Object(Closure))
#57 C:\\laragon\\www\\shortzz_backend\\vendor\\laravel\\framework\\src\\Illuminate\\Foundation\\Http\\Middleware\\ValidatePostSize.php(27): Illuminate\\Pipeline\\Pipeline->Illuminate\\Pipeline\\{closure}(Object(Illuminate\\Http\\Request))
#58 C:\\laragon\\www\\shortzz_backend\\vendor\\laravel\\framework\\src\\Illuminate\\Pipeline\\Pipeline.php(183): Illuminate\\Foundation\\Http\\Middleware\\ValidatePostSize->handle(Object(Illuminate\\Http\\Request), Object(Closure))
#59 C:\\laragon\\www\\shortzz_backend\\vendor\\laravel\\framework\\src\\Illuminate\\Foundation\\Http\\Middleware\\PreventRequestsDuringMaintenance.php(99): Illuminate\\Pipeline\\Pipeline->Illuminate\\Pipeline\\{closure}(Object(Illuminate\\Http\\Request))
#60 C:\\laragon\\www\\shortzz_backend\\vendor\\laravel\\framework\\src\\Illuminate\\Pipeline\\Pipeline.php(183): Illuminate\\Foundation\\Http\\Middleware\\PreventRequestsDuringMaintenance->handle(Object(Illuminate\\Http\\Request), Object(Closure))
#61 C:\\laragon\\www\\shortzz_backend\\vendor\\laravel\\framework\\src\\Illuminate\\Http\\Middleware\\TrustProxies.php(39): Illuminate\\Pipeline\\Pipeline->Illuminate\\Pipeline\\{closure}(Object(Illuminate\\Http\\Request))
#62 C:\\laragon\\www\\shortzz_backend\\vendor\\laravel\\framework\\src\\Illuminate\\Pipeline\\Pipeline.php(183): Illuminate\\Http\\Middleware\\TrustProxies->handle(Object(Illuminate\\Http\\Request), Object(Closure))
#63 C:\\laragon\\www\\shortzz_backend\\vendor\\laravel\\framework\\src\\Illuminate\\Pipeline\\Pipeline.php(119): Illuminate\\Pipeline\\Pipeline->Illuminate\\Pipeline\\{closure}(Object(Illuminate\\Http\\Request))
#64 C:\\laragon\\www\\shortzz_backend\\vendor\\laravel\\framework\\src\\Illuminate\\Foundation\\Http\\Kernel.php(175): Illuminate\\Pipeline\\Pipeline->then(Object(Closure))
#65 C:\\laragon\\www\\shortzz_backend\\vendor\\laravel\\framework\\src\\Illuminate\\Foundation\\Http\\Kernel.php(144): Illuminate\\Foundation\\Http\\Kernel->sendRequestThroughRouter(Object(Illuminate\\Http\\Request))
#66 C:\\laragon\\www\\shortzz_backend\\public\\index.php(51): Illuminate\\Foundation\\Http\\Kernel->handle(Object(Illuminate\\Http\\Request))
#67 C:\\laragon\\www\\shortzz_backend\\server.php(21): require_once('C:\\\\laragon\\\\www\\\\...')
#68 {main}
"} 
[2026-01-19 23:45:01] local.ERROR: cURL error 60: SSL certificate problem: unable to get local issuer certificate (see https://curl.haxx.se/libcurl/c/libcurl-errors.html) for https://fcm.googleapis.com/v1/projects/dummy-project-id/messages:send {"exception":"[object] (GuzzleHttp\\Exception\\RequestException(code: 0): cURL error 60: SSL certificate problem: unable to get local issuer certificate (see https://curl.haxx.se/libcurl/c/libcurl-errors.html) for https://fcm.googleapis.com/v1/projects/dummy-project-id/messages:send at C:\\laragon\\www\\shortzz_backend\\vendor\\guzzlehttp\\guzzle\\src\\Handler\\CurlFactory.php:276)
[stacktrace]
#0 C:\\laragon\\www\\shortzz_backend\\vendor\\guzzlehttp\\guzzle\\src\\Handler\\CurlFactory.php(205): GuzzleHttp\\Handler\\CurlFactory::createRejection(Object(GuzzleHttp\\Handler\\EasyHandle), Array)
#1 C:\\laragon\\www\\shortzz_backend\\vendor\\guzzlehttp\\guzzle\\src\\Handler\\CurlFactory.php(157): GuzzleHttp\\Handler\\CurlFactory::finishError(Object(GuzzleHttp\\Handler\\CurlHandler), Object(GuzzleHttp\\Handler\\EasyHandle), Object(GuzzleHttp\\Handler\\CurlFactory))
#2 C:\\laragon\\www\\shortzz_backend\\vendor\\guzzlehttp\\guzzle\\src\\Handler\\CurlHandler.php(47): GuzzleHttp\\Handler\\CurlFactory::finish(Object(GuzzleHttp\\Handler\\CurlHandler), Object(GuzzleHttp\\Handler\\EasyHandle), Object(GuzzleHttp\\Handler\\CurlFactory))
#3 C:\\laragon\\www\\shortzz_backend\\vendor\\guzzlehttp\\guzzle\\src\\Handler\\Proxy.php(28): GuzzleHttp\\Handler\\CurlHandler->__invoke(Object(GuzzleHttp\\Psr7\\Request), Array)
#4 C:\\laragon\\www\\shortzz_backend\\vendor\\guzzlehttp\\guzzle\\src\\Handler\\Proxy.php(48): GuzzleHttp\\Handler\\Proxy::GuzzleHttp\\Handler\\{closure}(Object(GuzzleHttp\\Psr7\\Request), Array)
#5 C:\\laragon\\www\\shortzz_backend\\vendor\\laravel\\framework\\src\\Illuminate\\Http\\Client\\PendingRequest.php(1256): GuzzleHttp\\Handler\\Proxy::GuzzleHttp\\Handler\\{closure}(Object(GuzzleHttp\\Psr7\\Request), Array)
#6 C:\\laragon\\www\\shortzz_backend\\vendor\\laravel\\framework\\src\\Illuminate\\Http\\Client\\PendingRequest.php(1222): Illuminate\\Http\\Client\\PendingRequest->Illuminate\\Http\\Client\\{closure}(Object(GuzzleHttp\\Psr7\\Request), Array)
#7 C:\\laragon\\www\\shortzz_backend\\vendor\\laravel\\framework\\src\\Illuminate\\Http\\Client\\PendingRequest.php(1208): Illuminate\\Http\\Client\\PendingRequest->Illuminate\\Http\\Client\\{closure}(Object(GuzzleHttp\\Psr7\\Request), Array)
#8 C:\\laragon\\www\\shortzz_backend\\vendor\\guzzlehttp\\guzzle\\src\\PrepareBodyMiddleware.php(64): Illuminate\\Http\\Client\\PendingRequest->Illuminate\\Http\\Client\\{closure}(Object(GuzzleHttp\\Psr7\\Request), Array)
#9 C:\\laragon\\www\\shortzz_backend\\vendor\\guzzlehttp\\guzzle\\src\\Middleware.php(38): GuzzleHttp\\PrepareBodyMiddleware->__invoke(Object(GuzzleHttp\\Psr7\\Request), Array)
#10 C:\\laragon\\www\\shortzz_backend\\vendor\\guzzlehttp\\guzzle\\src\\RedirectMiddleware.php(71): GuzzleHttp\\Middleware::GuzzleHttp\\{closure}(Object(GuzzleHttp\\Psr7\\Request), Array)
#11 C:\\laragon\\www\\shortzz_backend\\vendor\\guzzlehttp\\guzzle\\src\\Middleware.php(63): GuzzleHttp\\RedirectMiddleware->__invoke(Object(GuzzleHttp\\Psr7\\Request), Array)
#12 C:\\laragon\\www\\shortzz_backend\\vendor\\guzzlehttp\\guzzle\\src\\HandlerStack.php(75): GuzzleHttp\\Middleware::GuzzleHttp\\{closure}(Object(GuzzleHttp\\Psr7\\Request), Array)
#13 C:\\laragon\\www\\shortzz_backend\\vendor\\guzzlehttp\\guzzle\\src\\Client.php(333): GuzzleHttp\\HandlerStack->__invoke(Object(GuzzleHttp\\Psr7\\Request), Array)
#14 C:\\laragon\\www\\shortzz_backend\\vendor\\guzzlehttp\\guzzle\\src\\Client.php(169): GuzzleHttp\\Client->transfer(Object(GuzzleHttp\\Psr7\\Request), Array)
#15 C:\\laragon\\www\\shortzz_backend\\vendor\\guzzlehttp\\guzzle\\src\\Client.php(189): GuzzleHttp\\Client->requestAsync('POST', Object(GuzzleHttp\\Psr7\\Uri), Array)
#16 C:\\laragon\\www\\shortzz_backend\\vendor\\laravel\\framework\\src\\Illuminate\\Http\\Client\\PendingRequest.php(1053): GuzzleHttp\\Client->request('POST', 'https://fcm.goo...', Array)
#17 C:\\laragon\\www\\shortzz_backend\\vendor\\laravel\\framework\\src\\Illuminate\\Http\\Client\\PendingRequest.php(894): Illuminate\\Http\\Client\\PendingRequest->sendRequest('POST', 'https://fcm.goo...', Array)
#18 C:\\laragon\\www\\shortzz_backend\\vendor\\laravel\\framework\\src\\Illuminate\\Support\\helpers.php(248): Illuminate\\Http\\Client\\PendingRequest->Illuminate\\Http\\Client\\{closure}(1)
#19 C:\\laragon\\www\\shortzz_backend\\vendor\\laravel\\framework\\src\\Illuminate\\Http\\Client\\PendingRequest.php(892): retry(0, Object(Closure), 100, Object(Closure))
#20 C:\\laragon\\www\\shortzz_backend\\vendor\\laravel\\framework\\src\\Illuminate\\Http\\Client\\PendingRequest.php(798): Illuminate\\Http\\Client\\PendingRequest->send('POST', 'https://fcm.goo...', Array)
#21 C:\\laragon\\www\\shortzz_backend\\app\\Models\\GlobalFunction.php(264): Illuminate\\Http\\Client\\PendingRequest->post('https://fcm.goo...', Array)
#22 C:\\laragon\\www\\shortzz_backend\\app\\Http\\Controllers\\NotificationController.php(126): App\\Models\\GlobalFunction::sendPushNotification(Array)
#23 C:\\laragon\\www\\shortzz_backend\\vendor\\laravel\\framework\\src\\Illuminate\\Routing\\Controller.php(54): App\\Http\\Controllers\\NotificationController->addAdminNotification(Object(Illuminate\\Http\\Request))
#24 C:\\laragon\\www\\shortzz_backend\\vendor\\laravel\\framework\\src\\Illuminate\\Routing\\ControllerDispatcher.php(43): Illuminate\\Routing\\Controller->callAction('addAdminNotific...', Array)
#25 C:\\laragon\\www\\shortzz_backend\\vendor\\laravel\\framework\\src\\Illuminate\\Routing\\Route.php(259): Illuminate\\Routing\\ControllerDispatcher->dispatch(Object(Illuminate\\Routing\\Route), Object(App\\Http\\Controllers\\NotificationController), 'addAdminNotific...')
#26 C:\\laragon\\www\\shortzz_backend\\vendor\\laravel\\framework\\src\\Illuminate\\Routing\\Route.php(205): Illuminate\\Routing\\Route->runController()
#27 C:\\laragon\\www\\shortzz_backend\\vendor\\laravel\\framework\\src\\Illuminate\\Routing\\Router.php(806): Illuminate\\Routing\\Route->run()
#28 C:\\laragon\\www\\shortzz_backend\\vendor\\laravel\\framework\\src\\Illuminate\\Pipeline\\Pipeline.php(144): Illuminate\\Routing\\Router->Illuminate\\Routing\\{closure}(Object(Illuminate\\Http\\Request))
#29 C:\\laragon\\www\\shortzz_backend\\app\\Http\\Middleware\\CheckLogin.php(29): Illuminate\\Pipeline\\Pipeline->Illuminate\\Pipeline\\{closure}(Object(Illuminate\\Http\\Request))
#30 C:\\laragon\\www\\shortzz_backend\\vendor\\laravel\\framework\\src\\Illuminate\\Pipeline\\Pipeline.php(183): App\\Http\\Middleware\\CheckLogin->handle(Object(Illuminate\\Http\\Request), Object(Closure))
#31 C:\\laragon\\www\\shortzz_backend\\vendor\\laravel\\framework\\src\\Illuminate\\Routing\\Middleware\\SubstituteBindings.php(50): Illuminate\\Pipeline\\Pipeline->Illuminate\\Pipeline\\{closure}(Object(Illuminate\\Http\\Request))
#32 C:\\laragon\\www\\shortzz_backend\\vendor\\laravel\\framework\\src\\Illuminate\\Pipeline\\Pipeline.php(183): Illuminate\\Routing\\Middleware\\SubstituteBindings->handle(Object(Illuminate\\Http\\Request), Object(Closure))
#33 C:\\laragon\\www\\shortzz_backend\\vendor\\laravel\\framework\\src\\Illuminate\\Foundation\\Http\\Middleware\\VerifyCsrfToken.php(78): Illuminate\\Pipeline\\Pipeline->Illuminate\\Pipeline\\{closure}(Object(Illuminate\\Http\\Request))
#34 C:\\laragon\\www\\shortzz_backend\\vendor\\laravel\\framework\\src\\Illuminate\\Pipeline\\Pipeline.php(183): Illuminate\\Foundation\\Http\\Middleware\\VerifyCsrfToken->handle(Object(Illuminate\\Http\\Request), Object(Closure))
#35 C:\\laragon\\www\\shortzz_backend\\vendor\\laravel\\framework\\src\\Illuminate\\View\\Middleware\\ShareErrorsFromSession.php(49): Illuminate\\Pipeline\\Pipeline->Illuminate\\Pipeline\\{closure}(Object(Illuminate\\Http\\Request))
#36 C:\\laragon\\www\\shortzz_backend\\vendor\\laravel\\framework\\src\\Illuminate\\Pipeline\\Pipeline.php(183): Illuminate\\View\\Middleware\\ShareErrorsFromSession->handle(Object(Illuminate\\Http\\Request), Object(Closure))
#37 C:\\laragon\\www\\shortzz_backend\\vendor\\laravel\\framework\\src\\Illuminate\\Session\\Middleware\\StartSession.php(121): Illuminate\\Pipeline\\Pipeline->Illuminate\\Pipeline\\{closure}(Object(Illuminate\\Http\\Request))
#38 C:\\laragon\\www\\shortzz_backend\\vendor\\laravel\\framework\\src\\Illuminate\\Session\\Middleware\\StartSession.php(64): Illuminate\\Session\\Middleware\\StartSession->handleStatefulRequest(Object(Illuminate\\Http\\Request), Object(Illuminate\\Session\\Store), Object(Closure))
#39 C:\\laragon\\www\\shortzz_backend\\vendor\\laravel\\framework\\src\\Illuminate\\Pipeline\\Pipeline.php(183): Illuminate\\Session\\Middleware\\StartSession->handle(Object(Illuminate\\Http\\Request), Object(Closure))
#40 C:\\laragon\\www\\shortzz_backend\\vendor\\laravel\\framework\\src\\Illuminate\\Cookie\\Middleware\\AddQueuedCookiesToResponse.php(37): Illuminate\\Pipeline\\Pipeline->Illuminate\\Pipeline\\{closure}(Object(Illuminate\\Http\\Request))
#41 C:\\laragon\\www\\shortzz_backend\\vendor\\laravel\\framework\\src\\Illuminate\\Pipeline\\Pipeline.php(183): Illuminate\\Cookie\\Middleware\\AddQueuedCookiesToResponse->handle(Object(Illuminate\\Http\\Request), Object(Closure))
#42 C:\\laragon\\www\\shortzz_backend\\vendor\\laravel\\framework\\src\\Illuminate\\Cookie\\Middleware\\EncryptCookies.php(67): Illuminate\\Pipeline\\Pipeline->Illuminate\\Pipeline\\{closure}(Object(Illuminate\\Http\\Request))
#43 C:\\laragon\\www\\shortzz_backend\\vendor\\laravel\\framework\\src\\Illuminate\\Pipeline\\Pipeline.php(183): Illuminate\\Cookie\\Middleware\\EncryptCookies->handle(Object(Illuminate\\Http\\Request), Object(Closure))
#44 C:\\laragon\\www\\shortzz_backend\\vendor\\laravel\\framework\\src\\Illuminate\\Pipeline\\Pipeline.php(119): Illuminate\\Pipeline\\Pipeline->Illuminate\\Pipeline\\{closure}(Object(Illuminate\\Http\\Request))
#45 C:\\laragon\\www\\shortzz_backend\\vendor\\laravel\\framework\\src\\Illuminate\\Routing\\Router.php(805): Illuminate\\Pipeline\\Pipeline->then(Object(Closure))
#46 C:\\laragon\\www\\shortzz_backend\\vendor\\laravel\\framework\\src\\Illuminate\\Routing\\Router.php(784): Illuminate\\Routing\\Router->runRouteWithinStack(Object(Illuminate\\Routing\\Route), Object(Illuminate\\Http\\Request))
#47 C:\\laragon\\www\\shortzz_backend\\vendor\\laravel\\framework\\src\\Illuminate\\Routing\\Router.php(748): Illuminate\\Routing\\Router->runRoute(Object(Illuminate\\Http\\Request), Object(Illuminate\\Routing\\Route))
#48 C:\\laragon\\www\\shortzz_backend\\vendor\\laravel\\framework\\src\\Illuminate\\Routing\\Router.php(737): Illuminate\\Routing\\Router->dispatchToRoute(Object(Illuminate\\Http\\Request))
#49 C:\\laragon\\www\\shortzz_backend\\vendor\\laravel\\framework\\src\\Illuminate\\Foundation\\Http\\Kernel.php(200): Illuminate\\Routing\\Router->dispatch(Object(Illuminate\\Http\\Request))
#50 C:\\laragon\\www\\shortzz_backend\\vendor\\laravel\\framework\\src\\Illuminate\\Pipeline\\Pipeline.php(144): Illuminate\\Foundation\\Http\\Kernel->Illuminate\\Foundation\\Http\\{closure}(Object(Illuminate\\Http\\Request))
#51 C:\\laragon\\www\\shortzz_backend\\vendor\\laravel\\framework\\src\\Illuminate\\Foundation\\Http\\Middleware\\TransformsRequest.php(21): Illuminate\\Pipeline\\Pipeline->Illuminate\\Pipeline\\{closure}(Object(Illuminate\\Http\\Request))
#52 C:\\laragon\\www\\shortzz_backend\\vendor\\laravel\\framework\\src\\Illuminate\\Foundation\\Http\\Middleware\\ConvertEmptyStringsToNull.php(31): Illuminate\\Foundation\\Http\\Middleware\\TransformsRequest->handle(Object(Illuminate\\Http\\Request), Object(Closure))
#53 C:\\laragon\\www\\shortzz_backend\\vendor\\laravel\\framework\\src\\Illuminate\\Pipeline\\Pipeline.php(183): Illuminate\\Foundation\\Http\\Middleware\\ConvertEmptyStringsToNull->handle(Object(Illuminate\\Http\\Request), Object(Closure))
#54 C:\\laragon\\www\\shortzz_backend\\vendor\\laravel\\framework\\src\\Illuminate\\Foundation\\Http\\Middleware\\TransformsRequest.php(21): Illuminate\\Pipeline\\Pipeline->Illuminate\\Pipeline\\{closure}(Object(Illuminate\\Http\\Request))
#55 C:\\laragon\\www\\shortzz_backend\\vendor\\laravel\\framework\\src\\Illuminate\\Foundation\\Http\\Middleware\\TrimStrings.php(40): Illuminate\\Foundation\\Http\\Middleware\\TransformsRequest->handle(Object(Illuminate\\Http\\Request), Object(Closure))
#56 C:\\laragon\\www\\shortzz_backend\\vendor\\laravel\\framework\\src\\Illuminate\\Pipeline\\Pipeline.php(183): Illuminate\\Foundation\\Http\\Middleware\\TrimStrings->handle(Object(Illuminate\\Http\\Request), Object(Closure))
#57 C:\\laragon\\www\\shortzz_backend\\vendor\\laravel\\framework\\src\\Illuminate\\Foundation\\Http\\Middleware\\ValidatePostSize.php(27): Illuminate\\Pipeline\\Pipeline->Illuminate\\Pipeline\\{closure}(Object(Illuminate\\Http\\Request))
#58 C:\\laragon\\www\\shortzz_backend\\vendor\\laravel\\framework\\src\\Illuminate\\Pipeline\\Pipeline.php(183): Illuminate\\Foundation\\Http\\Middleware\\ValidatePostSize->handle(Object(Illuminate\\Http\\Request), Object(Closure))
#59 C:\\laragon\\www\\shortzz_backend\\vendor\\laravel\\framework\\src\\Illuminate\\Foundation\\Http\\Middleware\\PreventRequestsDuringMaintenance.php(99): Illuminate\\Pipeline\\Pipeline->Illuminate\\Pipeline\\{closure}(Object(Illuminate\\Http\\Request))
#60 C:\\laragon\\www\\shortzz_backend\\vendor\\laravel\\framework\\src\\Illuminate\\Pipeline\\Pipeline.php(183): Illuminate\\Foundation\\Http\\Middleware\\PreventRequestsDuringMaintenance->handle(Object(Illuminate\\Http\\Request), Object(Closure))
#61 C:\\laragon\\www\\shortzz_backend\\vendor\\laravel\\framework\\src\\Illuminate\\Http\\Middleware\\TrustProxies.php(39): Illuminate\\Pipeline\\Pipeline->Illuminate\\Pipeline\\{closure}(Object(Illuminate\\Http\\Request))
#62 C:\\laragon\\www\\shortzz_backend\\vendor\\laravel\\framework\\src\\Illuminate\\Pipeline\\Pipeline.php(183): Illuminate\\Http\\Middleware\\TrustProxies->handle(Object(Illuminate\\Http\\Request), Object(Closure))
#63 C:\\laragon\\www\\shortzz_backend\\vendor\\laravel\\framework\\src\\Illuminate\\Pipeline\\Pipeline.php(119): Illuminate\\Pipeline\\Pipeline->Illuminate\\Pipeline\\{closure}(Object(Illuminate\\Http\\Request))
#64 C:\\laragon\\www\\shortzz_backend\\vendor\\laravel\\framework\\src\\Illuminate\\Foundation\\Http\\Kernel.php(175): Illuminate\\Pipeline\\Pipeline->then(Object(Closure))
#65 C:\\laragon\\www\\shortzz_backend\\vendor\\laravel\\framework\\src\\Illuminate\\Foundation\\Http\\Kernel.php(144): Illuminate\\Foundation\\Http\\Kernel->sendRequestThroughRouter(Object(Illuminate\\Http\\Request))
#66 C:\\laragon\\www\\shortzz_backend\\public\\index.php(51): Illuminate\\Foundation\\Http\\Kernel->handle(Object(Illuminate\\Http\\Request))
#67 C:\\laragon\\www\\shortzz_backend\\server.php(21): require_once('C:\\\\laragon\\\\www\\\\...')
#68 {main}
"} 
